user_genome	classification
A01_CKDN240018928_scaffolds.fasta_bin.1	d__Bacteria;p__Bacteroidota;c__Bacteroidia;o__Flavobacteriales;f__UA16;g__;s__
A01_CKDN240018928_scaffolds.fasta_bin.10	Unclassified Bacteria
A01_CKDN240018928_scaffolds.fasta_bin.11	d__Bacteria;p__Bacteroidota;c__Bacteroidia;o__Flavobacteriales;f__Schleiferiaceae;g__UBA10364;s__UBA10364 sp003045825
A01_CKDN240018928_scaffolds.fasta_bin.12	Unclassified Bacteria
A01_CKDN240018928_scaffolds.fasta_bin.13	Unclassified Bacteria
A01_CKDN240018928_scaffolds.fasta_bin.14	d__Bacteria;p__Bacteroidota;c__Bacteroidia;o__Flavobacteriales;f__UA16;g__UBA11663;s__
A01_CKDN240018928_scaffolds.fasta_bin.16	d__Bacteria;p__Proteobacteria;c__Alphaproteobacteria;o__Rhodobacterales;f__Rhodobacteraceae;g__Planktomarina;s__Planktomarina temperata
A01_CKDN240018928_scaffolds.fasta_bin.17	d__Bacteria;p__Bacteroidota;c__Bacteroidia;o__Flavobacteriales;f__Schleiferiaceae;g__UBA10364;s__UBA10364 sp018402665
A01_CKDN240018928_scaffolds.fasta_bin.18	Unclassified Bacteria
A01_CKDN240018928_scaffolds.fasta_bin.19	d__Bacteria;p__Proteobacteria;c__Gammaproteobacteria;o__Pseudomonadales;f__Halieaceae;g__Aequoribacter;s__Aequoribacter fuscus
A01_CKDN240018928_scaffolds.fasta_bin.2	Unclassified Bacteria
A01_CKDN240018928_scaffolds.fasta_bin.20	d__Bacteria;p__Bacteroidota;c__Bacteroidia;o__Flavobacteriales;f__Flavobacteriaceae;g__BACL21;s__BACL21 sp009921505
A01_CKDN240018928_scaffolds.fasta_bin.21	d__Bacteria;p__Bacteroidota;c__Bacteroidia;o__Flavobacteriales;f__Schleiferiaceae;g__UBA10364;s__UBA10364 sp003023665
A01_CKDN240018928_scaffolds.fasta_bin.22	d__Bacteria;p__Dependentiae;c__;o__;f__;g__;s__
A01_CKDN240018928_scaffolds.fasta_bin.23	d__Bacteria;p__Actinobacteriota;c__Actinomycetia;o__Actinomycetales;f__Microbacteriaceae;g__Aquiluna;s__Aquiluna sp016780945
A01_CKDN240018928_scaffolds.fasta_bin.24	d__Bacteria;p__Verrucomicrobiota;c__Verrucomicrobiae;o__Verrucomicrobiales;f__Akkermansiaceae;g__SW10;s__
A01_CKDN240018928_scaffolds.fasta_bin.25	d__Bacteria;p__Bacteroidota;c__Bacteroidia;o__Flavobacteriales;f__UA16;g__;s__
A01_CKDN240018928_scaffolds.fasta_bin.26	Unclassified Bacteria
A01_CKDN240018928_scaffolds.fasta_bin.27	d__Bacteria;p__Bacteroidota;c__Bacteroidia;o__Flavobacteriales;f__UA16;g__UBA11663;s__
A01_CKDN240018928_scaffolds.fasta_bin.28	Unclassified
A01_CKDN240018928_scaffolds.fasta_bin.29	d__Bacteria;p__;c__;o__;f__;g__;s__
A01_CKDN240018928_scaffolds.fasta_bin.3	d__Bacteria;p__Proteobacteria;c__Gammaproteobacteria;o__Pseudomonadales;f__HTCC2089;g__RGAU01;s__
A01_CKDN240018928_scaffolds.fasta_bin.30	d__Bacteria;p__Proteobacteria;c__Alphaproteobacteria;o__UBA6184;f__UBA6184;g__UBA6184;s__
A01_CKDN240018928_scaffolds.fasta_bin.31	d__Bacteria;p__Planctomycetota;c__Planctomycetia;o__Pirellulales;f__Pirellulaceae;g__Rubripirellula;s__Rubripirellula sp016779185
A01_CKDN240018928_scaffolds.fasta_bin.32	Unclassified Bacteria
A01_CKDN240018928_scaffolds.fasta_bin.33	d__Bacteria;p__Bacteroidota;c__Bacteroidia;o__Flavobacteriales;f__UA16;g__UBA11663;s__
A01_CKDN240018928_scaffolds.fasta_bin.34	d__Bacteria;p__Bacteroidota;c__Bacteroidia;o__Flavobacteriales;f__UA16;g__UBA11663;s__
A01_CKDN240018928_scaffolds.fasta_bin.35	Unclassified Bacteria
A01_CKDN240018928_scaffolds.fasta_bin.36	d__Bacteria;p__Proteobacteria;c__Gammaproteobacteria;o__Pseudomonadales;f__Litoricolaceae;g__HIMB30;s__HIMB30 sp002691485
A01_CKDN240018928_scaffolds.fasta_bin.37	Unclassified
A01_CKDN240018928_scaffolds.fasta_bin.38	d__Bacteria;p__Bacteroidota;c__Rhodothermia;o__Rhodothermales;f__BA12;g__;s__
A01_CKDN240018928_scaffolds.fasta_bin.39	d__Bacteria;p__Proteobacteria;c__Alphaproteobacteria;o__Rhodobacterales;f__Rhodobacteraceae;g__HIMB11;s__
A01_CKDN240018928_scaffolds.fasta_bin.4	d__Bacteria;p__Proteobacteria;c__Alphaproteobacteria;o__Pelagibacterales;f__Pelagibacteraceae;g__Pelagibacter;s__Pelagibacter sp008638165
A01_CKDN240018928_scaffolds.fasta_bin.40	d__Bacteria;p__Planctomycetota;c__UBA1135;o__UBA1135;f__GCA-002686595;g__GCA-2686945;s__
A01_CKDN240018928_scaffolds.fasta_bin.41	Unclassified Bacteria
A01_CKDN240018928_scaffolds.fasta_bin.42	Unclassified
A01_CKDN240018928_scaffolds.fasta_bin.43	Unclassified Bacteria
A01_CKDN240018928_scaffolds.fasta_bin.44	Unclassified
A01_CKDN240018928_scaffolds.fasta_bin.45	d__Bacteria;p__Proteobacteria;c__Alphaproteobacteria;o__Rhodobacterales;f__Rhodobacteraceae;g__HIMB11;s__HIMB11 sp009920815
A01_CKDN240018928_scaffolds.fasta_bin.46	Unclassified Bacteria
A01_CKDN240018928_scaffolds.fasta_bin.47	d__Bacteria;p__Bacteroidota;c__Bacteroidia;o__NS11-12g;f__UBA955;g__VMCP01;s__
A01_CKDN240018928_scaffolds.fasta_bin.49	d__Bacteria;p__Bacteroidota;c__Bacteroidia;o__Flavobacteriales;f__Flavobacteriaceae;g__CAJQLB01;s__
A01_CKDN240018928_scaffolds.fasta_bin.5	d__Bacteria;p__Proteobacteria;c__Gammaproteobacteria;o__Pseudomonadales;f__Halieaceae;g__Aequoribacter;s__
A01_CKDN240018928_scaffolds.fasta_bin.50	Unclassified Bacteria
A01_CKDN240018928_scaffolds.fasta_bin.51	d__Bacteria;p__Proteobacteria;c__Gammaproteobacteria;o__Pseudomonadales;f__Halieaceae;g__Luminiphilus;s__Luminiphilus sp905479205
A01_CKDN240018928_scaffolds.fasta_bin.6	d__Bacteria;p__Proteobacteria;c__Gammaproteobacteria;o__Chromatiales;f__Sedimenticolaceae;g__VMDJ01;s__VMDJ01 sp008080925
A01_CKDN240018928_scaffolds.fasta_bin.7	d__Bacteria;p__Myxococcota;c__Bradymonadia;o__REDH01;f__REDH01;g__;s__
A01_CKDN240018928_scaffolds.fasta_bin.8	d__Bacteria;p__Proteobacteria;c__Alphaproteobacteria;o__Rhodobacterales;f__Rhodobacteraceae;g__Lutimaribacter;s__Lutimaribacter sp009924775
A01_CKDN240018928_scaffolds.fasta_bin.9	d__Bacteria;p__Cyanobacteria;c__Cyanobacteriia;o__PCC-6307;f__Cyanobiaceae;g__NIES-981;s__
A02_CKDN240018929_scaffolds.fasta_bin.1	d__Bacteria;p__Actinobacteriota;c__Actinomycetia;o__Actinomycetales;f__Microbacteriaceae;g__Pontimonas;s__
A02_CKDN240018929_scaffolds.fasta_bin.10	d__Bacteria;p__;c__;o__;f__;g__;s__
A02_CKDN240018929_scaffolds.fasta_bin.11	d__Bacteria;p__Proteobacteria;c__Gammaproteobacteria;o__Pseudomonadales;f__Pseudohongiellaceae;g__UBA9145;s__UBA9145 sp003482475
A02_CKDN240018929_scaffolds.fasta_bin.12	d__Bacteria;p__Actinobacteriota;c__Actinomycetia;o__Actinomycetales;f__Microbacteriaceae;g__Pontimonas;s__
A02_CKDN240018929_scaffolds.fasta_bin.13	Unclassified Bacteria
A02_CKDN240018929_scaffolds.fasta_bin.14	d__Bacteria;p__Proteobacteria;c__Alphaproteobacteria;o__Rhodobacterales;f__Rhodobacteraceae;g__CAU-1522;s__
A02_CKDN240018929_scaffolds.fasta_bin.16	d__Bacteria;p__Proteobacteria;c__Gammaproteobacteria;o__Pseudomonadales;f__Pseudohongiellaceae;g__UBA9145;s__
A02_CKDN240018929_scaffolds.fasta_bin.17	d__Bacteria;p__Actinobacteriota;c__Actinomycetia;o__Actinomycetales;f__Microbacteriaceae;g__Aquiluna;s__Aquiluna sp002333405
A02_CKDN240018929_scaffolds.fasta_bin.18	d__Bacteria;p__Bacteroidota;c__Bacteroidia;o__Flavobacteriales;f__UA16;g__;s__
A02_CKDN240018929_scaffolds.fasta_bin.19	d__Bacteria;p__Actinobacteriota;c__Acidimicrobiia;o__Acidimicrobiales;f__Ilumatobacteraceae;g__Casp-actino5;s__Casp-actino5 sp017859785
A02_CKDN240018929_scaffolds.fasta_bin.2	Unclassified Bacteria
A02_CKDN240018929_scaffolds.fasta_bin.20	Unclassified
A02_CKDN240018929_scaffolds.fasta_bin.21	d__Bacteria;p__Proteobacteria;c__Gammaproteobacteria;o__Pseudomonadales;f__Halieaceae;g__Aequoribacter;s__Aequoribacter fuscus
A02_CKDN240018929_scaffolds.fasta_bin.22	d__Bacteria;p__Proteobacteria;c__Alphaproteobacteria;o__Pelagibacterales;f__Pelagibacteraceae;g__Pelagibacter;s__
A02_CKDN240018929_scaffolds.fasta_bin.23	d__Bacteria;p__Proteobacteria;c__Gammaproteobacteria;o__Pseudomonadales;f__Halieaceae;g__Luminiphilus;s__Luminiphilus sp905479205
A02_CKDN240018929_scaffolds.fasta_bin.24	Unclassified Bacteria
A02_CKDN240018929_scaffolds.fasta_bin.25	Unclassified Bacteria
A02_CKDN240018929_scaffolds.fasta_bin.26	Unclassified Bacteria
A02_CKDN240018929_scaffolds.fasta_bin.27	Unclassified Bacteria
A02_CKDN240018929_scaffolds.fasta_bin.28	d__Bacteria;p__Bacteroidota;c__Bacteroidia;o__Flavobacteriales;f__UA16;g__;s__
A02_CKDN240018929_scaffolds.fasta_bin.29	d__Bacteria;p__Proteobacteria;c__Alphaproteobacteria;o__Rhodobacterales;f__Rhodobacteraceae;g__Lentibacter;s__Lentibacter algarum
A02_CKDN240018929_scaffolds.fasta_bin.3	Unclassified Bacteria
A02_CKDN240018929_scaffolds.fasta_bin.30	Unclassified Bacteria
A02_CKDN240018929_scaffolds.fasta_bin.32	d__Bacteria;p__Proteobacteria;c__Alphaproteobacteria;o__Rhodobacterales;f__Rhodobacteraceae;g__HIMB11;s__
A02_CKDN240018929_scaffolds.fasta_bin.33	d__Bacteria;p__Bacteroidota;c__Bacteroidia;o__Flavobacteriales;f__Flavobacteriaceae;g__BACL21;s__BACL21 sp009921505
A02_CKDN240018929_scaffolds.fasta_bin.34	d__Bacteria;p__Bacteroidota;c__Bacteroidia;o__Flavobacteriales;f__Schleiferiaceae;g__UBA10364;s__UBA10364 sp003045825
A02_CKDN240018929_scaffolds.fasta_bin.35	Unclassified Bacteria
A02_CKDN240018929_scaffolds.fasta_bin.36	d__Bacteria;p__Bacteroidota;c__Bacteroidia;o__Flavobacteriales;f__UA16;g__UBA11663;s__
A02_CKDN240018929_scaffolds.fasta_bin.37	d__Bacteria;p__Proteobacteria;c__Gammaproteobacteria;o__Pseudomonadales;f__Litoricolaceae;g__HIMB30;s__HIMB30 sp002691485
A02_CKDN240018929_scaffolds.fasta_bin.38	d__Bacteria;p__Bacteroidota;c__Bacteroidia;o__Flavobacteriales;f__Flavobacteriaceae;g__CAJQLB01;s__
A02_CKDN240018929_scaffolds.fasta_bin.39	d__Bacteria;p__Bacteroidota;c__Bacteroidia;o__Flavobacteriales;f__UA16;g__UBA11663;s__
A02_CKDN240018929_scaffolds.fasta_bin.4	d__Bacteria;p__Proteobacteria;c__Alphaproteobacteria;o__Rhodobacterales;f__Rhodobacteraceae;g__M30B80;s__M30B80 sp015693905
A02_CKDN240018929_scaffolds.fasta_bin.40	d__Bacteria;p__Bacteroidota;c__Bacteroidia;o__NS11-12g;f__UBA955;g__VMCP01;s__VMCP01 sp008081305
A02_CKDN240018929_scaffolds.fasta_bin.41	d__Bacteria;p__Actinobacteriota;c__Actinomycetia;o__Actinomycetales;f__Microbacteriaceae;g__Aquiluna;s__Aquiluna sp016780945
A02_CKDN240018929_scaffolds.fasta_bin.42	d__Bacteria;p__Proteobacteria;c__Gammaproteobacteria;o__Burkholderiales;f__Methylophilaceae;g__BACL14;s__BACL14 sp017852315
A02_CKDN240018929_scaffolds.fasta_bin.43	d__Bacteria;p__Bacteroidota;c__Bacteroidia;o__Flavobacteriales;f__Schleiferiaceae;g__UBA10364;s__UBA10364 sp018402665
A02_CKDN240018929_scaffolds.fasta_bin.44	d__Bacteria;p__Bacteroidota;c__Bacteroidia;o__Flavobacteriales;f__Schleiferiaceae;g__UBA10364;s__UBA10364 sp003023665
A02_CKDN240018929_scaffolds.fasta_bin.45	d__Bacteria;p__Bacteroidota;c__Bacteroidia;o__Flavobacteriales;f__Crocinitomicaceae;g__SZUA-381;s__
A02_CKDN240018929_scaffolds.fasta_bin.46	d__Bacteria;p__Planctomycetota;c__UBA1135;o__UBA1135;f__GCA-002686595;g__GCA-2686945;s__
A02_CKDN240018929_scaffolds.fasta_bin.47	d__Bacteria;p__Bacteroidota;c__Bacteroidia;o__Flavobacteriales;f__Flavobacteriaceae;g__MS024-2A;s__MS024-2A sp017852075
A02_CKDN240018929_scaffolds.fasta_bin.48	d__Bacteria;p__Proteobacteria;c__Alphaproteobacteria;o__Pelagibacterales;f__Pelagibacteraceae;g__Pelagibacter;s__Pelagibacter sp008638165
A02_CKDN240018929_scaffolds.fasta_bin.49	d__Bacteria;p__Bacteroidota;c__Bacteroidia;o__Flavobacteriales;f__UA16;g__UBA11663;s__
A02_CKDN240018929_scaffolds.fasta_bin.5	d__Bacteria;p__Proteobacteria;c__Alphaproteobacteria;o__Pelagibacterales;f__Pelagibacteraceae;g__IMCC9063;s__IMCC9063 sp008638015
A02_CKDN240018929_scaffolds.fasta_bin.50	Unclassified
A02_CKDN240018929_scaffolds.fasta_bin.51	d__Bacteria;p__Bacteroidota;c__Bacteroidia;o__Flavobacteriales;f__UA16;g__UA16;s__
A02_CKDN240018929_scaffolds.fasta_bin.52	Unclassified Bacteria
A02_CKDN240018929_scaffolds.fasta_bin.53	d__Bacteria;p__Bacteroidota;c__Bacteroidia;o__Flavobacteriales;f__Flavobacteriaceae;g__Lutibacter;s__
A02_CKDN240018929_scaffolds.fasta_bin.54	d__Bacteria;p__Proteobacteria;c__Alphaproteobacteria;o__Rhodobacterales;f__Rhodobacteraceae;g__Planktomarina;s__Planktomarina temperata
A02_CKDN240018929_scaffolds.fasta_bin.55	d__Bacteria;p__Bacteroidota;c__Bacteroidia;o__Flavobacteriales;f__Flavobacteriaceae;g__Polaribacter;s__
A02_CKDN240018929_scaffolds.fasta_bin.56	d__Bacteria;p__Proteobacteria;c__Gammaproteobacteria;o__Chromatiales;f__Sedimenticolaceae;g__VMDJ01;s__VMDJ01 sp008080925
A02_CKDN240018929_scaffolds.fasta_bin.57	d__Bacteria;p__Bacteroidota;c__Bacteroidia;o__NS11-12g;f__UBA955;g__VMCP01;s__
A02_CKDN240018929_scaffolds.fasta_bin.58	d__Bacteria;p__Verrucomicrobiota;c__Verrucomicrobiae;o__Verrucomicrobiales;f__Akkermansiaceae;g__SW10;s__
A02_CKDN240018929_scaffolds.fasta_bin.6	d__Bacteria;p__Bacteroidota;c__Bacteroidia;o__Flavobacteriales;f__UA16;g__UA16;s__
A02_CKDN240018929_scaffolds.fasta_bin.60	Unclassified Bacteria
A02_CKDN240018929_scaffolds.fasta_bin.61	d__Bacteria;p__Proteobacteria;c__Alphaproteobacteria;o__Rhodobacterales;f__Rhodobacteraceae;g__Lutimaribacter;s__Lutimaribacter sp009924775
A02_CKDN240018929_scaffolds.fasta_bin.62	d__Bacteria;p__Proteobacteria;c__Gammaproteobacteria;o__Pseudomonadales;f__Halieaceae;g__Aequoribacter;s__
A02_CKDN240018929_scaffolds.fasta_bin.63	Unclassified Bacteria
A02_CKDN240018929_scaffolds.fasta_bin.64	Unclassified
A02_CKDN240018929_scaffolds.fasta_bin.65	d__Bacteria;p__Myxococcota;c__Bradymonadia;o__REDH01;f__;g__;s__
A02_CKDN240018929_scaffolds.fasta_bin.66	d__Bacteria;p__Proteobacteria;c__Alphaproteobacteria;o__UBA6184;f__UBA6184;g__UBA6184;s__
A02_CKDN240018929_scaffolds.fasta_bin.67	d__Bacteria;p__Proteobacteria;c__Alphaproteobacteria;o__Pelagibacterales;f__Pelagibacteraceae;g__Pelagibacter;s__Pelagibacter ubique
A02_CKDN240018929_scaffolds.fasta_bin.68	d__Bacteria;p__Proteobacteria;c__Alphaproteobacteria;o__Pelagibacterales;f__Pelagibacteraceae;g__SYDM01;s__SYDM01 sp008638125
A02_CKDN240018929_scaffolds.fasta_bin.69	d__Bacteria;p__Proteobacteria;c__Gammaproteobacteria;o__Pseudomonadales;f__HTCC2089;g__RGAU01;s__
A02_CKDN240018929_scaffolds.fasta_bin.7	Unclassified Bacteria
A02_CKDN240018929_scaffolds.fasta_bin.70	d__Bacteria;p__Proteobacteria;c__Gammaproteobacteria;o__Pseudomonadales;f__HTCC2089;g__RGAU01;s__RGAU01 sp016779325
A02_CKDN240018929_scaffolds.fasta_bin.71	Unclassified Bacteria
A02_CKDN240018929_scaffolds.fasta_bin.72	Unclassified
A02_CKDN240018929_scaffolds.fasta_bin.73	Unclassified Bacteria
A02_CKDN240018929_scaffolds.fasta_bin.74	Unclassified Bacteria
A02_CKDN240018929_scaffolds.fasta_bin.75	Unclassified
A02_CKDN240018929_scaffolds.fasta_bin.77	Unclassified Bacteria
A02_CKDN240018929_scaffolds.fasta_bin.78	d__Bacteria;p__Bacteroidota;c__Bacteroidia;o__Flavobacteriales;f__UA16;g__UBA11663;s__
A02_CKDN240018929_scaffolds.fasta_bin.79	Unclassified
A02_CKDN240018929_scaffolds.fasta_bin.8	Unclassified
A02_CKDN240018929_scaffolds.fasta_bin.80	d__Bacteria;p__Campylobacterota;c__Campylobacteria;o__Campylobacterales;f__Sulfurovaceae;g__Sulfurovum;s__
A02_CKDN240018929_scaffolds.fasta_bin.81	d__Bacteria;p__Bacteroidota;c__Bacteroidia;o__Flavobacteriales;f__Crocinitomicaceae;g__;s__
A02_CKDN240018929_scaffolds.fasta_bin.9	Unclassified Bacteria
A03_CKDN240018930_scaffolds.fasta_bin.1	d__Bacteria;p__Bacteroidota;c__Bacteroidia;o__Flavobacteriales;f__Flavobacteriaceae;g__UBA3478;s__
A03_CKDN240018930_scaffolds.fasta_bin.10	Unclassified Bacteria
A03_CKDN240018930_scaffolds.fasta_bin.11	d__Bacteria;p__Verrucomicrobiota;c__Verrucomicrobiae;o__Pedosphaerales;f__AAA164-E04;g__AAA164-E04;s__
A03_CKDN240018930_scaffolds.fasta_bin.12	d__Bacteria;p__Cyanobacteria;c__Cyanobacteriia;o__;f__;g__;s__
A03_CKDN240018930_scaffolds.fasta_bin.13	d__Bacteria;p__Bacteroidota;c__Bacteroidia;o__Flavobacteriales;f__UA16;g__;s__
A03_CKDN240018930_scaffolds.fasta_bin.14	d__Bacteria;p__Bacteroidota;c__Bacteroidia;o__Flavobacteriales;f__UA16;g__UBA11663;s__
A03_CKDN240018930_scaffolds.fasta_bin.15	d__Bacteria;p__Proteobacteria;c__Alphaproteobacteria;o__Rhodobacterales;f__Rhodobacteraceae;g__HIMB11;s__
A03_CKDN240018930_scaffolds.fasta_bin.16	d__Bacteria;p__Proteobacteria;c__Alphaproteobacteria;o__Puniceispirillales;f__Puniceispirillaceae;g__UBA3439;s__UBA3439 sp017859295
A03_CKDN240018930_scaffolds.fasta_bin.17	Unclassified Bacteria
A03_CKDN240018930_scaffolds.fasta_bin.18	d__Bacteria;p__Planctomycetota;c__Planctomycetia;o__Pirellulales;f__Pirellulaceae;g__Rubripirellula;s__Rubripirellula sp016779185
A03_CKDN240018930_scaffolds.fasta_bin.19	d__Bacteria;p__Actinobacteriota;c__Acidimicrobiia;o__Acidimicrobiales;f__Ilumatobacteraceae;g__Casp-actino5;s__Casp-actino5 sp017859785
A03_CKDN240018930_scaffolds.fasta_bin.2	d__Bacteria;p__Proteobacteria;c__Alphaproteobacteria;o__Rhodobacterales;f__Rhodobacteraceae;g__HIMB11;s__HIMB11 sp003486095
A03_CKDN240018930_scaffolds.fasta_bin.21	Unclassified Bacteria
A03_CKDN240018930_scaffolds.fasta_bin.22	Unclassified Bacteria
A03_CKDN240018930_scaffolds.fasta_bin.23	Unclassified Bacteria
A03_CKDN240018930_scaffolds.fasta_bin.24	d__Bacteria;p__Bacteroidota;c__Bacteroidia;o__Flavobacteriales;f__Flavobacteriaceae;g__MS024-2A;s__MS024-2A sp017852075
A03_CKDN240018930_scaffolds.fasta_bin.26	d__Bacteria;p__Proteobacteria;c__Gammaproteobacteria;o__Pseudomonadales;f__Halieaceae;g__Luminiphilus;s__
A03_CKDN240018930_scaffolds.fasta_bin.27	d__Bacteria;p__Actinobacteriota;c__Actinomycetia;o__Actinomycetales;f__Microbacteriaceae;g__Aquiluna;s__Aquiluna sp016780945
A03_CKDN240018930_scaffolds.fasta_bin.29	d__Bacteria;p__Proteobacteria;c__Gammaproteobacteria;o__PS1;f__Thioglobaceae;g__VMDI01;s__VMDI01 sp008080915
A03_CKDN240018930_scaffolds.fasta_bin.3	d__Bacteria;p__Proteobacteria;c__Gammaproteobacteria;o__Pseudomonadales;f__Halieaceae;g__Aequoribacter;s__
A03_CKDN240018930_scaffolds.fasta_bin.30	d__Bacteria;p__Bacteroidota;c__Bacteroidia;o__Flavobacteriales;f__UA16;g__UBA11663;s__
A03_CKDN240018930_scaffolds.fasta_bin.31	d__Bacteria;p__Verrucomicrobiota;c__Verrucomicrobiae;o__Verrucomicrobiales;f__Akkermansiaceae;g__SW10;s__
A03_CKDN240018930_scaffolds.fasta_bin.32	d__Bacteria;p__Proteobacteria;c__Gammaproteobacteria;o__Burkholderiales;f__Methylophilaceae;g__BACL14;s__BACL14 sp017852315
A03_CKDN240018930_scaffolds.fasta_bin.33	d__Bacteria;p__Cyanobacteria;c__Cyanobacteriia;o__PCC-6307;f__Cyanobiaceae;g__Vulcanococcus;s__Vulcanococcus sp000179255
A03_CKDN240018930_scaffolds.fasta_bin.34	d__Bacteria;p__Bacteroidota;c__Bacteroidia;o__Flavobacteriales;f__Flavobacteriaceae;g__MS024-2A;s__MS024-2A sp017851655
A03_CKDN240018930_scaffolds.fasta_bin.35	Unclassified
A03_CKDN240018930_scaffolds.fasta_bin.36	d__Bacteria;p__Planctomycetota;c__UBA1135;o__UBA1135;f__GCA-002686595;g__GCA-2686945;s__
A03_CKDN240018930_scaffolds.fasta_bin.37	Unclassified
A03_CKDN240018930_scaffolds.fasta_bin.38	Unclassified Bacteria
A03_CKDN240018930_scaffolds.fasta_bin.39	d__Bacteria;p__Bdellovibrionota;c__Bacteriovoracia;o__Bacteriovoracales;f__Bacteriovoracaceae;g__;s__
A03_CKDN240018930_scaffolds.fasta_bin.40	d__Bacteria;p__Proteobacteria;c__Gammaproteobacteria;o__Pseudomonadales;f__Halieaceae;g__Aequoribacter;s__Aequoribacter fuscus
A03_CKDN240018930_scaffolds.fasta_bin.41	d__Bacteria;p__Cyanobacteria;c__Cyanobacteriia;o__;f__;g__;s__
A03_CKDN240018930_scaffolds.fasta_bin.42	d__Bacteria;p__Verrucomicrobiota;c__Verrucomicrobiae;o__Verrucomicrobiales;f__Akkermansiaceae;g__SW10;s__
A03_CKDN240018930_scaffolds.fasta_bin.43	d__Bacteria;p__Proteobacteria;c__Gammaproteobacteria;o__Pseudomonadales;f__Pseudohongiellaceae;g__UBA9145;s__
A03_CKDN240018930_scaffolds.fasta_bin.44	d__Bacteria;p__Bacteroidota;c__Bacteroidia;o__Flavobacteriales;f__UA16;g__UBA11663;s__
A03_CKDN240018930_scaffolds.fasta_bin.45	d__Bacteria;p__Bacteroidota;c__Bacteroidia;o__Flavobacteriales;f__UA16;g__UA16;s__
A03_CKDN240018930_scaffolds.fasta_bin.46	d__Bacteria;p__Proteobacteria;c__Gammaproteobacteria;o__Pseudomonadales;f__HTCC2089;g__RGAU01;s__
A03_CKDN240018930_scaffolds.fasta_bin.48	Unclassified Bacteria
A03_CKDN240018930_scaffolds.fasta_bin.49	d__Bacteria;p__Proteobacteria;c__Alphaproteobacteria;o__Rhodobacterales;f__Rhodobacteraceae;g__M30B80;s__M30B80 sp015693905
A03_CKDN240018930_scaffolds.fasta_bin.5	d__Bacteria;p__Proteobacteria;c__Alphaproteobacteria;o__Rhodobacterales;f__Rhodobacteraceae;g__Lentibacter;s__Lentibacter algarum
A03_CKDN240018930_scaffolds.fasta_bin.50	d__Bacteria;p__Proteobacteria;c__Gammaproteobacteria;o__SAR86;f__D2472;g__VMDH01;s__
A03_CKDN240018930_scaffolds.fasta_bin.51	Unclassified Bacteria
A03_CKDN240018930_scaffolds.fasta_bin.52	d__Bacteria;p__Bacteroidota;c__Bacteroidia;o__Flavobacteriales;f__Flavobacteriaceae;g__BACL21;s__BACL21 sp009921505
A03_CKDN240018930_scaffolds.fasta_bin.53	d__Bacteria;p__Bacteroidota;c__Bacteroidia;o__Flavobacteriales;f__UA16;g__UA16;s__
A03_CKDN240018930_scaffolds.fasta_bin.54	Unclassified
A03_CKDN240018930_scaffolds.fasta_bin.55	d__Bacteria;p__Actinobacteriota;c__Actinomycetia;o__Actinomycetales;f__Microbacteriaceae;g__Pontimonas;s__Pontimonas sp017852615
A03_CKDN240018930_scaffolds.fasta_bin.56	d__Bacteria;p__Bacteroidota;c__Bacteroidia;o__Flavobacteriales;f__Flavobacteriaceae;g__MAG-120531;s__
A03_CKDN240018930_scaffolds.fasta_bin.57	d__Bacteria;p__Bacteroidota;c__Bacteroidia;o__Flavobacteriales;f__Flavobacteriaceae;g__Polaribacter;s__
A03_CKDN240018930_scaffolds.fasta_bin.58	d__Bacteria;p__Proteobacteria;c__Alphaproteobacteria;o__Rhodobacterales;f__Rhodobacteraceae;g__Nioella;s__
A03_CKDN240018930_scaffolds.fasta_bin.59	d__Bacteria;p__Proteobacteria;c__Alphaproteobacteria;o__Rhodobacterales;f__Rhodobacteraceae;g__Planktomarina;s__Planktomarina temperata
A03_CKDN240018930_scaffolds.fasta_bin.6	d__Bacteria;p__Proteobacteria;c__Gammaproteobacteria;o__Pseudomonadales;f__Halieaceae;g__Luminiphilus;s__
A03_CKDN240018930_scaffolds.fasta_bin.60	d__Bacteria;p__Bacteroidota;c__Bacteroidia;o__Flavobacteriales;f__UA16;g__UBA11663;s__
A03_CKDN240018930_scaffolds.fasta_bin.61	Unclassified Bacteria
A03_CKDN240018930_scaffolds.fasta_bin.62	Unclassified Bacteria
A03_CKDN240018930_scaffolds.fasta_bin.63	d__Bacteria;p__Bacteroidota;c__Bacteroidia;o__Flavobacteriales;f__UA16;g__;s__
A03_CKDN240018930_scaffolds.fasta_bin.64	d__Bacteria;p__Proteobacteria;c__Alphaproteobacteria;o__Pelagibacterales;f__Pelagibacteraceae;g__SYDM01;s__SYDM01 sp008638125
A03_CKDN240018930_scaffolds.fasta_bin.65	Unclassified Bacteria
A03_CKDN240018930_scaffolds.fasta_bin.66	Unclassified Bacteria
A03_CKDN240018930_scaffolds.fasta_bin.67	d__Bacteria;p__Bacteroidota;c__Bacteroidia;o__Flavobacteriales;f__Schleiferiaceae;g__UBA10364;s__
A03_CKDN240018930_scaffolds.fasta_bin.68	d__Bacteria;p__Proteobacteria;c__Alphaproteobacteria;o__Rhodobacterales;f__Rhodobacteraceae;g__Lutimaribacter;s__Lutimaribacter sp009924775
A03_CKDN240018930_scaffolds.fasta_bin.69	d__Bacteria;p__Actinobacteriota;c__Acidimicrobiia;o__Acidimicrobiales;f__Ilumatobacteraceae;g__Casp-actino5;s__Casp-actino5 sp017859395
A03_CKDN240018930_scaffolds.fasta_bin.70	Unclassified Bacteria
A03_CKDN240018930_scaffolds.fasta_bin.71	Unclassified Bacteria
A03_CKDN240018930_scaffolds.fasta_bin.72	d__Bacteria;p__Bacteroidota;c__Bacteroidia;o__Flavobacteriales;f__Flavobacteriaceae;g__BACL21;s__
A03_CKDN240018930_scaffolds.fasta_bin.73	d__Bacteria;p__Bacteroidota;c__Bacteroidia;o__Flavobacteriales;f__Schleiferiaceae;g__UBA10364;s__
A03_CKDN240018930_scaffolds.fasta_bin.74	Unclassified Bacteria
A03_CKDN240018930_scaffolds.fasta_bin.75	d__Bacteria;p__Proteobacteria;c__Alphaproteobacteria;o__Puniceispirillales;f__Puniceispirillaceae;g__;s__
A03_CKDN240018930_scaffolds.fasta_bin.76	Unclassified Bacteria
A03_CKDN240018930_scaffolds.fasta_bin.77	Unclassified
A03_CKDN240018930_scaffolds.fasta_bin.78	d__Bacteria;p__Proteobacteria;c__Alphaproteobacteria;o__Rhodobacterales;f__Rhodobacteraceae;g__HIMB11;s__
A03_CKDN240018930_scaffolds.fasta_bin.79	d__Bacteria;p__Proteobacteria;c__Gammaproteobacteria;o__Pseudomonadales;f__Pseudohongiellaceae;g__UBA9145;s__UBA9145 sp003482475
A03_CKDN240018930_scaffolds.fasta_bin.8	Unclassified Bacteria
A03_CKDN240018930_scaffolds.fasta_bin.80	d__Bacteria;p__Proteobacteria;c__Gammaproteobacteria;o__Pseudomonadales;f__Litoricolaceae;g__HIMB30;s__HIMB30 sp002691485
A03_CKDN240018930_scaffolds.fasta_bin.81	d__Bacteria;p__Proteobacteria;c__Gammaproteobacteria;o__Pseudomonadales;f__Halieaceae;g__Luminiphilus;s__Luminiphilus sp905479205
A03_CKDN240018930_scaffolds.fasta_bin.83	Unclassified
A03_CKDN240018930_scaffolds.fasta_bin.85	d__Bacteria;p__Proteobacteria;c__Alphaproteobacteria;o__Pelagibacterales;f__Pelagibacteraceae;g__Pelagibacter;s__Pelagibacter sp008638165
A03_CKDN240018930_scaffolds.fasta_bin.87	Unclassified
A04_CKDN240018931_scaffolds.fasta_bin.1	d__Bacteria;p__Cyanobacteria;c__Cyanobacteriia;o__PCC-6307;f__Cyanobiaceae;g__Vulcanococcus;s__Vulcanococcus sp000179255
A04_CKDN240018931_scaffolds.fasta_bin.10	d__Bacteria;p__Proteobacteria;c__Gammaproteobacteria;o__Pseudomonadales;f__Pseudohongiellaceae;g__UBA9145;s__UBA9145 sp003482475
A04_CKDN240018931_scaffolds.fasta_bin.11	d__Bacteria;p__Proteobacteria;c__Gammaproteobacteria;o__Pseudomonadales;f__Halieaceae;g__Aequoribacter;s__Aequoribacter fuscus
A04_CKDN240018931_scaffolds.fasta_bin.13	d__Bacteria;p__;c__;o__;f__;g__;s__
A04_CKDN240018931_scaffolds.fasta_bin.14	d__Bacteria;p__Cyanobacteria;c__Cyanobacteriia;o__;f__;g__;s__
A04_CKDN240018931_scaffolds.fasta_bin.15	d__Bacteria;p__Bacteroidota;c__Bacteroidia;o__Flavobacteriales;f__Flavobacteriaceae;g__MS024-2A;s__MS024-2A sp017852075
A04_CKDN240018931_scaffolds.fasta_bin.16	d__Bacteria;p__Bacteroidota;c__Bacteroidia;o__Flavobacteriales;f__UA16;g__UBA11663;s__
A04_CKDN240018931_scaffolds.fasta_bin.17	d__Bacteria;p__Bacteroidota;c__Bacteroidia;o__Flavobacteriales;f__Flavobacteriaceae;g__UBA3478;s__
A04_CKDN240018931_scaffolds.fasta_bin.18	d__Bacteria;p__Proteobacteria;c__Alphaproteobacteria;o__Rhodobacterales;f__Rhodobacteraceae;g__Nioella;s__
A04_CKDN240018931_scaffolds.fasta_bin.19	d__Bacteria;p__Bacteroidota;c__Bacteroidia;o__Flavobacteriales;f__Flavobacteriaceae;g__MAG-120531;s__
A04_CKDN240018931_scaffolds.fasta_bin.2	d__Bacteria;p__Proteobacteria;c__Gammaproteobacteria;o__PS1;f__Thioglobaceae;g__VMDI01;s__VMDI01 sp008080915
A04_CKDN240018931_scaffolds.fasta_bin.20	d__Bacteria;p__Proteobacteria;c__Alphaproteobacteria;o__Pelagibacterales;f__Pelagibacteraceae;g__SYDM01;s__SYDM01 sp008638125
A04_CKDN240018931_scaffolds.fasta_bin.21	d__Bacteria;p__Bacteroidota;c__Bacteroidia;o__Flavobacteriales;f__UA16;g__;s__
A04_CKDN240018931_scaffolds.fasta_bin.22	Unclassified
A04_CKDN240018931_scaffolds.fasta_bin.23	d__Bacteria;p__Verrucomicrobiota;c__Verrucomicrobiae;o__Pedosphaerales;f__AAA164-E04;g__AAA164-E04;s__
A04_CKDN240018931_scaffolds.fasta_bin.25	d__Bacteria;p__Proteobacteria;c__Alphaproteobacteria;o__Rhodobacterales;f__Rhodobacteraceae;g__HIMB11;s__
A04_CKDN240018931_scaffolds.fasta_bin.26	d__Bacteria;p__Proteobacteria;c__Gammaproteobacteria;o__Pseudomonadales;f__Halieaceae;g__Luminiphilus;s__
A04_CKDN240018931_scaffolds.fasta_bin.27	d__Bacteria;p__Proteobacteria;c__Gammaproteobacteria;o__Pseudomonadales;f__Pseudohongiellaceae;g__UBA9145;s__
A04_CKDN240018931_scaffolds.fasta_bin.28	d__Bacteria;p__Bacteroidota;c__Bacteroidia;o__Flavobacteriales;f__UA16;g__UBA11663;s__
A04_CKDN240018931_scaffolds.fasta_bin.29	d__Bacteria;p__Proteobacteria;c__Gammaproteobacteria;o__Pseudomonadales;f__HTCC2089;g__RGAU01;s__
A04_CKDN240018931_scaffolds.fasta_bin.3	d__Bacteria;p__Proteobacteria;c__Alphaproteobacteria;o__Puniceispirillales;f__Puniceispirillaceae;g__UBA3439;s__UBA3439 sp017859295
A04_CKDN240018931_scaffolds.fasta_bin.30	d__Bacteria;p__Proteobacteria;c__Alphaproteobacteria;o__Rhodobacterales;f__Rhodobacteraceae;g__HIMB11;s__HIMB11 sp003486095
A04_CKDN240018931_scaffolds.fasta_bin.31	d__Bacteria;p__Proteobacteria;c__Alphaproteobacteria;o__Pelagibacterales;f__Pelagibacteraceae;g__Pelagibacter;s__Pelagibacter sp008638165
A04_CKDN240018931_scaffolds.fasta_bin.32	d__Bacteria;p__Proteobacteria;c__Gammaproteobacteria;o__Chromatiales;f__Sedimenticolaceae;g__VMDJ01;s__VMDJ01 sp008080925
A04_CKDN240018931_scaffolds.fasta_bin.33	d__Bacteria;p__Proteobacteria;c__Alphaproteobacteria;o__Rhodobacterales;f__Rhodobacteraceae;g__M30B80;s__M30B80 sp015693905
A04_CKDN240018931_scaffolds.fasta_bin.34	d__Bacteria;p__Actinobacteriota;c__Acidimicrobiia;o__Acidimicrobiales;f__Ilumatobacteraceae;g__Casp-actino5;s__Casp-actino5 sp017859785
A04_CKDN240018931_scaffolds.fasta_bin.35	d__Bacteria;p__Bacteroidota;c__Bacteroidia;o__Flavobacteriales;f__Schleiferiaceae;g__UBA10364;s__
A04_CKDN240018931_scaffolds.fasta_bin.36	d__Bacteria;p__Planctomycetota;c__UBA1135;o__UBA1135;f__GCA-002686595;g__GCA-2686945;s__
A04_CKDN240018931_scaffolds.fasta_bin.37	d__Bacteria;p__Proteobacteria;c__Gammaproteobacteria;o__Pseudomonadales;f__Halieaceae;g__Luminiphilus;s__
A04_CKDN240018931_scaffolds.fasta_bin.38	Unclassified Bacteria
A04_CKDN240018931_scaffolds.fasta_bin.39	d__Bacteria;p__Bacteroidota;c__Bacteroidia;o__Flavobacteriales;f__UA16;g__UBA11663;s__
A04_CKDN240018931_scaffolds.fasta_bin.4	d__Bacteria;p__Verrucomicrobiota;c__Verrucomicrobiae;o__Verrucomicrobiales;f__Akkermansiaceae;g__SW10;s__
A04_CKDN240018931_scaffolds.fasta_bin.40	d__Bacteria;p__Proteobacteria;c__Gammaproteobacteria;o__Pseudomonadales;f__Litoricolaceae;g__HIMB30;s__HIMB30 sp002691485
A04_CKDN240018931_scaffolds.fasta_bin.42	Unclassified Bacteria
A04_CKDN240018931_scaffolds.fasta_bin.44	d__Bacteria;p__Verrucomicrobiota;c__Verrucomicrobiae;o__Verrucomicrobiales;f__Akkermansiaceae;g__SW10;s__
A04_CKDN240018931_scaffolds.fasta_bin.45	d__Bacteria;p__Bacteroidota;c__Bacteroidia;o__Flavobacteriales;f__Flavobacteriaceae;g__BACL21;s__BACL21 sp009921505
A04_CKDN240018931_scaffolds.fasta_bin.46	d__Bacteria;p__Bdellovibrionota;c__Bacteriovoracia;o__Bacteriovoracales;f__Bacteriovoracaceae;g__;s__
A04_CKDN240018931_scaffolds.fasta_bin.47	d__Bacteria;p__Actinobacteriota;c__Actinomycetia;o__Actinomycetales;f__Microbacteriaceae;g__Aquiluna;s__Aquiluna sp016780945
A04_CKDN240018931_scaffolds.fasta_bin.48	d__Bacteria;p__Bacteroidota;c__Bacteroidia;o__Flavobacteriales;f__UA16;g__;s__
A04_CKDN240018931_scaffolds.fasta_bin.49	Unclassified
A04_CKDN240018931_scaffolds.fasta_bin.5	d__Bacteria;p__Bacteroidota;c__Bacteroidia;o__Flavobacteriales;f__Schleiferiaceae;g__UBA10364;s__UBA10364 sp003045825
A04_CKDN240018931_scaffolds.fasta_bin.50	d__Bacteria;p__Proteobacteria;c__Gammaproteobacteria;o__Pseudomonadales;f__Halieaceae;g__Luminiphilus;s__Luminiphilus sp905479205
A04_CKDN240018931_scaffolds.fasta_bin.51	Unclassified Bacteria
A04_CKDN240018931_scaffolds.fasta_bin.52	d__Bacteria;p__Proteobacteria;c__Alphaproteobacteria;o__Rhodobacterales;f__Rhodobacteraceae;g__HIMB11;s__
A04_CKDN240018931_scaffolds.fasta_bin.53	Unclassified
A04_CKDN240018931_scaffolds.fasta_bin.54	Unclassified Bacteria
A04_CKDN240018931_scaffolds.fasta_bin.56	d__Bacteria;p__Bacteroidota;c__Bacteroidia;o__Flavobacteriales;f__Schleiferiaceae;g__UBA10364;s__
A04_CKDN240018931_scaffolds.fasta_bin.57	d__Bacteria;p__Proteobacteria;c__Alphaproteobacteria;o__Puniceispirillales;f__Puniceispirillaceae;g__;s__
A04_CKDN240018931_scaffolds.fasta_bin.58	d__Bacteria;p__Proteobacteria;c__Alphaproteobacteria;o__Rhodobacterales;f__Rhodobacteraceae;g__HIMB11;s__HIMB11 sp003486095
A04_CKDN240018931_scaffolds.fasta_bin.59	Unclassified
A04_CKDN240018931_scaffolds.fasta_bin.6	d__Bacteria;p__Bacteroidota;c__Bacteroidia;o__Flavobacteriales;f__Flavobacteriaceae;g__Polaribacter;s__
A04_CKDN240018931_scaffolds.fasta_bin.60	d__Bacteria;p__Bacteroidota;c__Bacteroidia;o__Flavobacteriales;f__Flavobacteriaceae;g__BACL21;s__
A04_CKDN240018931_scaffolds.fasta_bin.61	d__Bacteria;p__Proteobacteria;c__Alphaproteobacteria;o__Rhodobacterales;f__Rhodobacteraceae;g__Lutimaribacter;s__Lutimaribacter sp009924775
A04_CKDN240018931_scaffolds.fasta_bin.62	d__Bacteria;p__Planctomycetota;c__Planctomycetia;o__Pirellulales;f__Pirellulaceae;g__Rubripirellula;s__Rubripirellula sp016779185
A04_CKDN240018931_scaffolds.fasta_bin.63	d__Bacteria;p__Bacteroidota;c__Bacteroidia;o__NS11-12g;f__UBA955;g__VMCP01;s__VMCP01 sp008081305
A04_CKDN240018931_scaffolds.fasta_bin.64	Unclassified Bacteria
A04_CKDN240018931_scaffolds.fasta_bin.65	d__Bacteria;p__Proteobacteria;c__Gammaproteobacteria;o__SAR86;f__D2472;g__VMDH01;s__
A04_CKDN240018931_scaffolds.fasta_bin.66	d__Bacteria;p__Bacteroidota;c__Bacteroidia;o__Flavobacteriales;f__UA16;g__UA16;s__
A04_CKDN240018931_scaffolds.fasta_bin.67	d__Bacteria;p__Bacteroidota;c__Bacteroidia;o__Flavobacteriales;f__UA16;g__UA16;s__
A04_CKDN240018931_scaffolds.fasta_bin.68	d__Bacteria;p__Cyanobacteria;c__Cyanobacteriia;o__;f__;g__;s__
A04_CKDN240018931_scaffolds.fasta_bin.69	Unclassified
A04_CKDN240018931_scaffolds.fasta_bin.7	Unclassified
A04_CKDN240018931_scaffolds.fasta_bin.71	d__Bacteria;p__Proteobacteria;c__Gammaproteobacteria;o__Burkholderiales;f__Methylophilaceae;g__BACL14;s__BACL14 sp017852315
A04_CKDN240018931_scaffolds.fasta_bin.72	d__Bacteria;p__Bacteroidota;c__Bacteroidia;o__Flavobacteriales;f__UA16;g__UBA11663;s__
A04_CKDN240018931_scaffolds.fasta_bin.73	d__Bacteria;p__Bacteroidota;c__Bacteroidia;o__Flavobacteriales;f__Flavobacteriaceae;g__MS024-2A;s__MS024-2A sp017851655
A04_CKDN240018931_scaffolds.fasta_bin.74	Unclassified Bacteria
A04_CKDN240018931_scaffolds.fasta_bin.75	Unclassified Bacteria
A04_CKDN240018931_scaffolds.fasta_bin.76	d__Bacteria;p__Proteobacteria;c__Gammaproteobacteria;o__Pseudomonadales;f__Halieaceae;g__Aequoribacter;s__
A04_CKDN240018931_scaffolds.fasta_bin.77	d__Bacteria;p__Actinobacteriota;c__Actinomycetia;o__Actinomycetales;f__Microbacteriaceae;g__Pontimonas;s__Pontimonas sp017852615
A04_CKDN240018931_scaffolds.fasta_bin.78	d__Bacteria;p__Proteobacteria;c__Alphaproteobacteria;o__Rhodobacterales;f__Rhodobacteraceae;g__Planktomarina;s__Planktomarina temperata
A04_CKDN240018931_scaffolds.fasta_bin.79	Unclassified
A04_CKDN240018931_scaffolds.fasta_bin.8	Unclassified Bacteria
A04_CKDN240018931_scaffolds.fasta_bin.80	d__Bacteria;p__Actinobacteriota;c__Acidimicrobiia;o__Acidimicrobiales;f__Ilumatobacteraceae;g__Casp-actino5;s__Casp-actino5 sp017859395
A04_CKDN240018931_scaffolds.fasta_bin.9	d__Bacteria;p__Actinobacteriota;c__Actinomycetia;o__Actinomycetales;f__Microbacteriaceae;g__Pontimonas;s__
A05_CKDN240018932_scaffolds.fasta_bin.1	d__Bacteria;p__Actinobacteriota;c__Actinomycetia;o__Actinomycetales;f__Microbacteriaceae;g__Aquiluna;s__Aquiluna sp016780945
A05_CKDN240018932_scaffolds.fasta_bin.10	d__Bacteria;p__Proteobacteria;c__Alphaproteobacteria;o__Rhodobacterales;f__Rhodobacteraceae;g__HIMB11;s__
A05_CKDN240018932_scaffolds.fasta_bin.12	d__Bacteria;p__Bacteroidota;c__Bacteroidia;o__Flavobacteriales;f__UA16;g__UBA11663;s__
A05_CKDN240018932_scaffolds.fasta_bin.13	d__Bacteria;p__Verrucomicrobiota;c__Verrucomicrobiae;o__Verrucomicrobiales;f__Akkermansiaceae;g__SW10;s__
A05_CKDN240018932_scaffolds.fasta_bin.17	Unclassified
A05_CKDN240018932_scaffolds.fasta_bin.18	d__Bacteria;p__Bacteroidota;c__Bacteroidia;o__Flavobacteriales;f__UA16;g__UA16;s__
A05_CKDN240018932_scaffolds.fasta_bin.19	Unclassified Bacteria
A05_CKDN240018932_scaffolds.fasta_bin.2	d__Bacteria;p__Planctomycetota;c__Planctomycetia;o__Pirellulales;f__Pirellulaceae;g__Rubripirellula;s__Rubripirellula sp016779185
A05_CKDN240018932_scaffolds.fasta_bin.20	d__Bacteria;p__Cyanobacteria;c__Cyanobacteriia;o__;f__;g__;s__
A05_CKDN240018932_scaffolds.fasta_bin.22	d__Bacteria;p__Planctomycetota;c__UBA1135;o__UBA1135;f__GCA-002686595;g__GCA-2686945;s__
A05_CKDN240018932_scaffolds.fasta_bin.23	d__Bacteria;p__Dependentiae;c__Babeliae;o__;f__;g__;s__
A05_CKDN240018932_scaffolds.fasta_bin.24	d__Bacteria;p__Bacteroidota;c__Bacteroidia;o__Flavobacteriales;f__Flavobacteriaceae;g__MS024-2A;s__MS024-2A sp017851655
A05_CKDN240018932_scaffolds.fasta_bin.25	d__Bacteria;p__Proteobacteria;c__Gammaproteobacteria;o__Pseudomonadales;f__Halieaceae;g__Luminiphilus;s__
A05_CKDN240018932_scaffolds.fasta_bin.26	d__Bacteria;p__Actinobacteriota;c__Acidimicrobiia;o__Acidimicrobiales;f__Ilumatobacteraceae;g__Casp-actino5;s__Casp-actino5 sp017859395
A05_CKDN240018932_scaffolds.fasta_bin.27	d__Bacteria;p__Bacteroidota;c__Bacteroidia;o__Flavobacteriales;f__Flavobacteriaceae;g__Polaribacter;s__
A05_CKDN240018932_scaffolds.fasta_bin.28	d__Bacteria;p__Proteobacteria;c__Alphaproteobacteria;o__Pelagibacterales;f__Pelagibacteraceae;g__SYDM01;s__SYDM01 sp008638125
A05_CKDN240018932_scaffolds.fasta_bin.29	Unclassified Bacteria
A05_CKDN240018932_scaffolds.fasta_bin.3	Unclassified
A05_CKDN240018932_scaffolds.fasta_bin.30	d__Bacteria;p__Proteobacteria;c__Alphaproteobacteria;o__Pelagibacterales;f__Pelagibacteraceae;g__Pelagibacter;s__Pelagibacter sp008638165
A05_CKDN240018932_scaffolds.fasta_bin.31	Unclassified Bacteria
A05_CKDN240018932_scaffolds.fasta_bin.32	d__Bacteria;p__Actinobacteriota;c__Acidimicrobiia;o__Acidimicrobiales;f__Ilumatobacteraceae;g__Casp-actino5;s__Casp-actino5 sp017859785
A05_CKDN240018932_scaffolds.fasta_bin.34	Unclassified Bacteria
A05_CKDN240018932_scaffolds.fasta_bin.35	Unclassified Bacteria
A05_CKDN240018932_scaffolds.fasta_bin.36	d__Bacteria;p__Bacteroidota;c__Bacteroidia;o__Flavobacteriales;f__Flavobacteriaceae;g__BACL21;s__BACL21 sp009921505
A05_CKDN240018932_scaffolds.fasta_bin.38	d__Bacteria;p__Bacteroidota;c__Bacteroidia;o__Flavobacteriales;f__UA16;g__;s__
A05_CKDN240018932_scaffolds.fasta_bin.39	d__Bacteria;p__Proteobacteria;c__Alphaproteobacteria;o__Rhodobacterales;f__Rhodobacteraceae;g__Lutimaribacter;s__Lutimaribacter sp009924775
A05_CKDN240018932_scaffolds.fasta_bin.4	d__Bacteria;p__Proteobacteria;c__Gammaproteobacteria;o__Pseudomonadales;f__Halieaceae;g__Aequoribacter;s__
A05_CKDN240018932_scaffolds.fasta_bin.40	d__Bacteria;p__Verrucomicrobiota;c__Verrucomicrobiae;o__Verrucomicrobiales;f__Akkermansiaceae;g__SW10;s__
A05_CKDN240018932_scaffolds.fasta_bin.41	d__Bacteria;p__Bacteroidota;c__Bacteroidia;o__Flavobacteriales;f__Schleiferiaceae;g__UBA10364;s__
A05_CKDN240018932_scaffolds.fasta_bin.42	d__Bacteria;p__Bacteroidota;c__Bacteroidia;o__Flavobacteriales;f__Flavobacteriaceae;g__UBA3478;s__
A05_CKDN240018932_scaffolds.fasta_bin.43	Unclassified Bacteria
A05_CKDN240018932_scaffolds.fasta_bin.44	d__Bacteria;p__Cyanobacteria;c__Cyanobacteriia;o__PCC-6307;f__Cyanobiaceae;g__Vulcanococcus;s__Vulcanococcus sp000179255
A05_CKDN240018932_scaffolds.fasta_bin.45	d__Bacteria;p__Proteobacteria;c__Gammaproteobacteria;o__PS1;f__Thioglobaceae;g__VMDI01;s__VMDI01 sp008080915
A05_CKDN240018932_scaffolds.fasta_bin.46	d__Bacteria;p__Proteobacteria;c__Alphaproteobacteria;o__Rhodobacterales;f__Rhodobacteraceae;g__HIMB11;s__HIMB11 sp003486095
A05_CKDN240018932_scaffolds.fasta_bin.47	d__Bacteria;p__Proteobacteria;c__Gammaproteobacteria;o__Pseudomonadales;f__Pseudohongiellaceae;g__UBA9145;s__UBA9145 sp003482475
A05_CKDN240018932_scaffolds.fasta_bin.48	d__Bacteria;p__Proteobacteria;c__Alphaproteobacteria;o__Rhodobacterales;f__Rhodobacteraceae;g__M30B80;s__M30B80 sp015693905
A05_CKDN240018932_scaffolds.fasta_bin.49	Unclassified
A05_CKDN240018932_scaffolds.fasta_bin.5	d__Bacteria;p__Bacteroidota;c__Bacteroidia;o__Flavobacteriales;f__UA16;g__UBA11663;s__
A05_CKDN240018932_scaffolds.fasta_bin.50	d__Bacteria;p__Proteobacteria;c__Gammaproteobacteria;o__Pseudomonadales;f__Pseudohongiellaceae;g__UBA9145;s__
A05_CKDN240018932_scaffolds.fasta_bin.52	d__Bacteria;p__Proteobacteria;c__Alphaproteobacteria;o__Rhodobacterales;f__Rhodobacteraceae;g__Nioella;s__
A05_CKDN240018932_scaffolds.fasta_bin.53	d__Bacteria;p__Proteobacteria;c__Alphaproteobacteria;o__Rhodobacterales;f__Rhodobacteraceae;g__Planktomarina;s__Planktomarina temperata
A05_CKDN240018932_scaffolds.fasta_bin.54	d__Bacteria;p__Proteobacteria;c__Alphaproteobacteria;o__Puniceispirillales;f__Puniceispirillaceae;g__UBA3439;s__UBA3439 sp017859295
A05_CKDN240018932_scaffolds.fasta_bin.55	d__Bacteria;p__Proteobacteria;c__Gammaproteobacteria;o__Pseudomonadales;f__Litoricolaceae;g__HIMB30;s__HIMB30 sp002691485
A05_CKDN240018932_scaffolds.fasta_bin.56	d__Bacteria;p__Bacteroidota;c__Bacteroidia;o__Flavobacteriales;f__UA16;g__;s__
A05_CKDN240018932_scaffolds.fasta_bin.57	d__Bacteria;p__Proteobacteria;c__Gammaproteobacteria;o__Pseudomonadales;f__Halieaceae;g__Luminiphilus;s__Luminiphilus sp905479205
A05_CKDN240018932_scaffolds.fasta_bin.58	Unclassified Bacteria
A05_CKDN240018932_scaffolds.fasta_bin.59	d__Bacteria;p__Proteobacteria;c__Gammaproteobacteria;o__SAR86;f__D2472;g__VMDH01;s__
A05_CKDN240018932_scaffolds.fasta_bin.6	d__Bacteria;p__Proteobacteria;c__Alphaproteobacteria;o__Rhodobacterales;f__Rhodobacteraceae;g__HIMB11;s__
A05_CKDN240018932_scaffolds.fasta_bin.60	Unclassified
A05_CKDN240018932_scaffolds.fasta_bin.61	Unclassified
A05_CKDN240018932_scaffolds.fasta_bin.62	Unclassified Bacteria
A05_CKDN240018932_scaffolds.fasta_bin.63	Unclassified Bacteria
A05_CKDN240018932_scaffolds.fasta_bin.64	d__Bacteria;p__Proteobacteria;c__Gammaproteobacteria;o__Pseudomonadales;f__Halieaceae;g__Luminiphilus;s__
A05_CKDN240018932_scaffolds.fasta_bin.65	d__Bacteria;p__Bacteroidota;c__Bacteroidia;o__Flavobacteriales;f__UA16;g__UBA11663;s__
A05_CKDN240018932_scaffolds.fasta_bin.66	Unclassified
A05_CKDN240018932_scaffolds.fasta_bin.67	d__Bacteria;p__Proteobacteria;c__Gammaproteobacteria;o__Burkholderiales;f__Methylophilaceae;g__BACL14;s__BACL14 sp017852315
A05_CKDN240018932_scaffolds.fasta_bin.68	d__Bacteria;p__Bacteroidota;c__Bacteroidia;o__Flavobacteriales;f__Flavobacteriaceae;g__MS024-2A;s__MS024-2A sp017852075
A05_CKDN240018932_scaffolds.fasta_bin.69	d__Bacteria;p__Bacteroidota;c__Bacteroidia;o__Flavobacteriales;f__UA16;g__UA16;s__
A05_CKDN240018932_scaffolds.fasta_bin.7	Unclassified Bacteria
A05_CKDN240018932_scaffolds.fasta_bin.70	d__Bacteria;p__Bacteroidota;c__Bacteroidia;o__Flavobacteriales;f__Flavobacteriaceae;g__MAG-120531;s__
A05_CKDN240018932_scaffolds.fasta_bin.71	d__Bacteria;p__Bacteroidota;c__Bacteroidia;o__Flavobacteriales;f__UA16;g__UBA11663;s__
A05_CKDN240018932_scaffolds.fasta_bin.72	Unclassified Bacteria
A05_CKDN240018932_scaffolds.fasta_bin.73	Unclassified
A05_CKDN240018932_scaffolds.fasta_bin.74	d__Bacteria;p__Proteobacteria;c__Gammaproteobacteria;o__Pseudomonadales;f__HTCC2089;g__RGAU01;s__
A05_CKDN240018932_scaffolds.fasta_bin.76	d__Bacteria;p__Bdellovibrionota;c__Bacteriovoracia;o__Bacteriovoracales;f__Bacteriovoracaceae;g__;s__
A05_CKDN240018932_scaffolds.fasta_bin.77	d__Bacteria;p__Bacteroidota;c__Bacteroidia;o__Flavobacteriales;f__Schleiferiaceae;g__UBA10364;s__
A05_CKDN240018932_scaffolds.fasta_bin.78	d__Bacteria;p__Actinobacteriota;c__Actinomycetia;o__Actinomycetales;f__Microbacteriaceae;g__Pontimonas;s__Pontimonas sp017852615
A05_CKDN240018932_scaffolds.fasta_bin.79	d__Bacteria;p__Proteobacteria;c__Gammaproteobacteria;o__Pseudomonadales;f__Halieaceae;g__Aequoribacter;s__Aequoribacter fuscus
A05_CKDN240018932_scaffolds.fasta_bin.8	Unclassified
A05_CKDN240018932_scaffolds.fasta_bin.9	Unclassified Bacteria
A06_CKDN240018933_scaffolds.fasta_bin.1	d__Bacteria;p__Myxococcota;c__Polyangia;o__Polyangiales;f__SG8-38;g__;s__
A06_CKDN240018933_scaffolds.fasta_bin.10	d__Bacteria;p__Proteobacteria;c__Gammaproteobacteria;o__Burkholderiales;f__Nitrosomonadaceae;g__Nitrosomonas;s__
A06_CKDN240018933_scaffolds.fasta_bin.11	d__Bacteria;p__SAR324;c__SAR324;o__SAR324;f__NAC60-12;g__JCVI-SCAAA005;s__
A06_CKDN240018933_scaffolds.fasta_bin.12	d__Bacteria;p__Proteobacteria;c__Alphaproteobacteria;o__Pelagibacterales;f__Pelagibacteraceae;g__Pelagibacter_A;s__
A06_CKDN240018933_scaffolds.fasta_bin.13	d__Bacteria;p__Cyanobacteria;c__Cyanobacteriia;o__Thermosynechococcales;f__Thermosynechococcaceae;g__Acaryochloris;s__
A06_CKDN240018933_scaffolds.fasta_bin.14	d__Bacteria;p__Proteobacteria;c__Gammaproteobacteria;o__Burkholderiales;f__Methylophilaceae;g__BACL14;s__BACL14 sp017852315
A06_CKDN240018933_scaffolds.fasta_bin.15	d__Bacteria;p__Proteobacteria;c__Gammaproteobacteria;o__Pseudomonadales;f__Litoricolaceae;g__HIMB30;s__HIMB30 sp002691485
A06_CKDN240018933_scaffolds.fasta_bin.16	d__Bacteria;p__Proteobacteria;c__Gammaproteobacteria;o__Pseudomonadales;f__Halieaceae;g__Halioglobus;s__
A06_CKDN240018933_scaffolds.fasta_bin.17	Unclassified
A06_CKDN240018933_scaffolds.fasta_bin.18	d__Bacteria;p__Bacteroidota;c__Bacteroidia;o__Flavobacteriales;f__Flavobacteriaceae;g__MS024-2A;s__MS024-2A sp000173095
A06_CKDN240018933_scaffolds.fasta_bin.19	d__Bacteria;p__Proteobacteria;c__Gammaproteobacteria;o__SAR86;f__D2472;g__D2472;s__D2472 sp016779285
A06_CKDN240018933_scaffolds.fasta_bin.2	Unclassified Bacteria
A06_CKDN240018933_scaffolds.fasta_bin.20	d__Bacteria;p__Planctomycetota;c__Planctomycetia;o__Pirellulales;f__UBA1268;g__UBA1268;s__UBA1268 sp009919445
A06_CKDN240018933_scaffolds.fasta_bin.21	d__Bacteria;p__Planctomycetota;c__UBA1135;o__UBA1135;f__GCA-002686595;g__GCA-2686945;s__
A06_CKDN240018933_scaffolds.fasta_bin.22	d__Bacteria;p__Proteobacteria;c__Gammaproteobacteria;o__Arenicellales;f__BMS3Bbin11;g__BMS3Bbin11;s__
A06_CKDN240018933_scaffolds.fasta_bin.23	d__Bacteria;p__Proteobacteria;c__Gammaproteobacteria;o__Pseudomonadales;f__HTCC2089;g__RGAU01;s__
A06_CKDN240018933_scaffolds.fasta_bin.24	d__Bacteria;p__Actinobacteriota;c__Acidimicrobiia;o__Actinomarinales;f__Actinomarinaceae;g__Actinomarina;s__Actinomarina sp014384285
A06_CKDN240018933_scaffolds.fasta_bin.25	d__Bacteria;p__Proteobacteria;c__Alphaproteobacteria;o__Pelagibacterales;f__Pelagibacteraceae;g__IMCC9063;s__IMCC9063 sp008638015
A06_CKDN240018933_scaffolds.fasta_bin.26	Unclassified Bacteria
A06_CKDN240018933_scaffolds.fasta_bin.27	d__Bacteria;p__Proteobacteria;c__Alphaproteobacteria;o__HIMB59;f__HIMB59;g__;s__
A06_CKDN240018933_scaffolds.fasta_bin.28	d__Bacteria;p__Proteobacteria;c__Alphaproteobacteria;o__Pelagibacterales;f__Pelagibacteraceae;g__Pelagibacter;s__Pelagibacter sp008638165
A06_CKDN240018933_scaffolds.fasta_bin.29	d__Bacteria;p__Actinobacteriota;c__Actinomycetia;o__Nanopelagicales;f__Nanopelagicaceae;g__MAG-120802;s__
A06_CKDN240018933_scaffolds.fasta_bin.3	d__Bacteria;p__Actinobacteriota;c__Acidimicrobiia;o__Acidimicrobiales;f__Ilumatobacteraceae;g__Casp-actino8;s__Casp-actino8 sp009923785
A06_CKDN240018933_scaffolds.fasta_bin.30	d__Bacteria;p__SAR324;c__SAR324;o__SAR324;f__NAC60-12;g__JCVI-SCAAA005;s__JCVI-SCAAA005 sp002450295
A06_CKDN240018933_scaffolds.fasta_bin.31	d__Bacteria;p__Proteobacteria;c__Gammaproteobacteria;o__Burkholderiales;f__Methylophilaceae;g__BACL14;s__BACL14 sp010023085
A06_CKDN240018933_scaffolds.fasta_bin.32	d__Bacteria;p__Proteobacteria;c__Alphaproteobacteria;o__Pelagibacterales;f__Pelagibacteraceae;g__Pelagibacter;s__Pelagibacter ubique
A06_CKDN240018933_scaffolds.fasta_bin.33	Unclassified
A06_CKDN240018933_scaffolds.fasta_bin.34	d__Bacteria;p__Proteobacteria;c__Gammaproteobacteria;o__Pseudomonadales;f__Spongiibacteraceae;g__Spongiibacter;s__Spongiibacter marinus
A06_CKDN240018933_scaffolds.fasta_bin.35	d__Bacteria;p__Desulfobacterota;c__Desulfobulbia;o__Desulfobulbales;f__Desulfocapsaceae;g__JABDQA01;s__JABDQA01 sp905479735
A06_CKDN240018933_scaffolds.fasta_bin.36	d__Bacteria;p__Proteobacteria;c__Gammaproteobacteria;o__Pseudomonadales;f__Pseudohongiellaceae;g__UBA9145;s__UBA9145 sp003482475
A06_CKDN240018933_scaffolds.fasta_bin.37	d__Bacteria;p__Proteobacteria;c__Gammaproteobacteria;o__Enterobacterales;f__Alteromonadaceae;g__Alteromonas;s__Alteromonas macleodii
A06_CKDN240018933_scaffolds.fasta_bin.38	d__Bacteria;p__Proteobacteria;c__Gammaproteobacteria;o__SAR86;f__D2472;g__SCGC-AAA076-P13;s__SCGC-AAA076-P13 sp000385055
A06_CKDN240018933_scaffolds.fasta_bin.39	d__Bacteria;p__Proteobacteria;c__Alphaproteobacteria;o__Rhodobacterales;f__Rhodobacteraceae;g__HIMB11;s__HIMB11 sp003486095
A06_CKDN240018933_scaffolds.fasta_bin.40	d__Bacteria;p__Proteobacteria;c__Alphaproteobacteria;o__Pelagibacterales;f__Pelagibacteraceae;g__Pelagibacter;s__
A06_CKDN240018933_scaffolds.fasta_bin.41	Unclassified Bacteria
A06_CKDN240018933_scaffolds.fasta_bin.42	d__Bacteria;p__Verrucomicrobiota;c__Verrucomicrobiae;o__Pedosphaerales;f__AAA164-E04;g__UBA7971;s__
A06_CKDN240018933_scaffolds.fasta_bin.43	d__Bacteria;p__Actinobacteriota;c__Acidimicrobiia;o__Acidimicrobiales;f__Ilumatobacteraceae;g__F1-60-MAGs027;s__F1-60-MAGs027 sp017856115
A06_CKDN240018933_scaffolds.fasta_bin.44	Unclassified Bacteria
A06_CKDN240018933_scaffolds.fasta_bin.45	Unclassified Bacteria
A06_CKDN240018933_scaffolds.fasta_bin.46	d__Bacteria;p__Proteobacteria;c__Alphaproteobacteria;o__Rhodobacterales;f__Rhodobacteraceae;g__Planktomarina;s__Planktomarina temperata
A06_CKDN240018933_scaffolds.fasta_bin.47	Unclassified
A06_CKDN240018933_scaffolds.fasta_bin.48	d__Bacteria;p__Cyanobacteria;c__Cyanobacteriia;o__PCC-6307;f__Cyanobiaceae;g__Vulcanococcus;s__Vulcanococcus sp000179255
A06_CKDN240018933_scaffolds.fasta_bin.49	d__Bacteria;p__Actinobacteriota;c__Acidimicrobiia;o__Acidimicrobiales;f__Ilumatobacteraceae;g__Casp-actino5;s__Casp-actino5 sp017859785
A06_CKDN240018933_scaffolds.fasta_bin.5	Unclassified
A06_CKDN240018933_scaffolds.fasta_bin.50	d__Bacteria;p__Proteobacteria;c__Alphaproteobacteria;o__Puniceispirillales;f__Puniceispirillaceae;g__UBA3439;s__UBA3439 sp017859295
A06_CKDN240018933_scaffolds.fasta_bin.51	d__Bacteria;p__Bacteroidota;c__Bacteroidia;o__Flavobacteriales;f__Flavobacteriaceae;g__MS024-2A;s__MS024-2A sp017852075
A06_CKDN240018933_scaffolds.fasta_bin.52	d__Bacteria;p__Proteobacteria;c__Alphaproteobacteria;o__Pelagibacterales;f__Pelagibacteraceae;g__Pelagibacter;s__Pelagibacter sp017880265
A06_CKDN240018933_scaffolds.fasta_bin.53	Unclassified Bacteria
A06_CKDN240018933_scaffolds.fasta_bin.6	d__Bacteria;p__Proteobacteria;c__Alphaproteobacteria;o__Pelagibacterales;f__Pelagibacteraceae;g__SYDM01;s__SYDM01 sp008638125
A06_CKDN240018933_scaffolds.fasta_bin.7	d__Bacteria;p__Bacteroidota;c__Bacteroidia;o__Flavobacteriales;f__Flavobacteriaceae;g__QNYL01;s__
A06_CKDN240018933_scaffolds.fasta_bin.8	d__Bacteria;p__Actinobacteriota;c__Actinomycetia;o__Actinomycetales;f__Microbacteriaceae;g__Aquiluna;s__
A06_CKDN240018933_scaffolds.fasta_bin.9	d__Bacteria;p__Proteobacteria;c__Gammaproteobacteria;o__SAR86;f__D2472;g__VMDH01;s__
A07_CKDN240018934_scaffolds.fasta_bin.1	d__Bacteria;p__Bacteroidota;c__Bacteroidia;o__Chitinophagales;f__UBA8649;g__JAFMKE01;s__JAFMKE01 sp017853115
A07_CKDN240018934_scaffolds.fasta_bin.10	d__Bacteria;p__Proteobacteria;c__Alphaproteobacteria;o__Pelagibacterales;f__Pelagibacteraceae;g__Pelagibacter;s__Pelagibacter ubique
A07_CKDN240018934_scaffolds.fasta_bin.11	Unclassified
A07_CKDN240018934_scaffolds.fasta_bin.12	d__Bacteria;p__Proteobacteria;c__Gammaproteobacteria;o__SAR86;f__D2472;g__VMDH01;s__
A07_CKDN240018934_scaffolds.fasta_bin.13	d__Bacteria;p__Bacteroidota;c__Bacteroidia;o__Flavobacteriales;f__UBA7312;g__GCA-2862585;s__
A07_CKDN240018934_scaffolds.fasta_bin.14	Unclassified Bacteria
A07_CKDN240018934_scaffolds.fasta_bin.15	d__Bacteria;p__Proteobacteria;c__Alphaproteobacteria;o__Rhodobacterales;f__Rhodobacteraceae;g__LFER01;s__LFER01 sp001510135
A07_CKDN240018934_scaffolds.fasta_bin.16	d__Bacteria;p__Bacteroidota;c__Bacteroidia;o__Flavobacteriales;f__Crocinitomicaceae;g__SZUA-381;s__
A07_CKDN240018934_scaffolds.fasta_bin.17	d__Bacteria;p__Proteobacteria;c__Alphaproteobacteria;o__Rhodobacterales;f__Rhodobacteraceae;g__Planktomarina;s__Planktomarina temperata
A07_CKDN240018934_scaffolds.fasta_bin.18	d__Bacteria;p__Proteobacteria;c__Alphaproteobacteria;o__Puniceispirillales;f__AAA536-G10;g__AAA536-G10;s__
A07_CKDN240018934_scaffolds.fasta_bin.19	d__Bacteria;p__Bacteroidota;c__Bacteroidia;o__Flavobacteriales;f__Flavobacteriaceae;g__Hel1-33-131;s__
A07_CKDN240018934_scaffolds.fasta_bin.2	d__Bacteria;p__Proteobacteria;c__Alphaproteobacteria;o__Pelagibacterales;f__Pelagibacteraceae;g__IMCC9063;s__IMCC9063 sp008638015
A07_CKDN240018934_scaffolds.fasta_bin.20	d__Bacteria;p__Bacteroidota;c__Bacteroidia;o__Flavobacteriales;f__UA16;g__UBA11663;s__
A07_CKDN240018934_scaffolds.fasta_bin.22	Unclassified Bacteria
A07_CKDN240018934_scaffolds.fasta_bin.23	Unclassified
A07_CKDN240018934_scaffolds.fasta_bin.24	Unclassified Bacteria
A07_CKDN240018934_scaffolds.fasta_bin.25	Unclassified Bacteria
A07_CKDN240018934_scaffolds.fasta_bin.26	d__Bacteria;p__Cyanobacteria;c__Cyanobacteriia;o__PCC-6307;f__Cyanobiaceae;g__Vulcanococcus;s__
A07_CKDN240018934_scaffolds.fasta_bin.27	d__Bacteria;p__Proteobacteria;c__Gammaproteobacteria;o__Chromatiales;f__Sedimenticolaceae;g__VMDJ01;s__VMDJ01 sp008080925
A07_CKDN240018934_scaffolds.fasta_bin.28	d__Bacteria;p__Bacteroidota;c__Bacteroidia;o__Flavobacteriales;f__UA16;g__UBA11663;s__
A07_CKDN240018934_scaffolds.fasta_bin.29	d__Bacteria;p__Proteobacteria;c__Alphaproteobacteria;o__Pelagibacterales;f__Pelagibacteraceae;g__SYDM01;s__SYDM01 sp008638125
A07_CKDN240018934_scaffolds.fasta_bin.3	d__Bacteria;p__Proteobacteria;c__Alphaproteobacteria;o__Pelagibacterales;f__Pelagibacteraceae;g__Pelagibacter;s__
A07_CKDN240018934_scaffolds.fasta_bin.30	d__Bacteria;p__Proteobacteria;c__Alphaproteobacteria;o__Pelagibacterales;f__Pelagibacteraceae;g__Pelagibacter;s__Pelagibacter sp008638165
A07_CKDN240018934_scaffolds.fasta_bin.31	d__Bacteria;p__Proteobacteria;c__Alphaproteobacteria;o__Rhodobacterales;f__Rhodobacteraceae;g__HIMB11;s__HIMB11 sp003486095
A07_CKDN240018934_scaffolds.fasta_bin.32	d__Bacteria;p__Actinobacteriota;c__Actinomycetia;o__Actinomycetales;f__Microbacteriaceae;g__Aquiluna;s__Aquiluna sp016780945
A07_CKDN240018934_scaffolds.fasta_bin.33	d__Bacteria;p__Bacteroidota;c__Bacteroidia;o__Flavobacteriales;f__Flavobacteriaceae;g__BACL21;s__
A07_CKDN240018934_scaffolds.fasta_bin.34	Unclassified
A07_CKDN240018934_scaffolds.fasta_bin.35	d__Bacteria;p__Proteobacteria;c__Alphaproteobacteria;o__Puniceispirillales;f__Puniceispirillaceae;g__UBA3439;s__UBA3439 sp009919335
A07_CKDN240018934_scaffolds.fasta_bin.36	Unclassified Bacteria
A07_CKDN240018934_scaffolds.fasta_bin.37	Unclassified
A07_CKDN240018934_scaffolds.fasta_bin.38	d__Bacteria;p__Bacteroidota;c__Bacteroidia;o__Flavobacteriales;f__Flavobacteriaceae;g__Polaribacter;s__
A07_CKDN240018934_scaffolds.fasta_bin.39	d__Bacteria;p__Proteobacteria;c__Gammaproteobacteria;o__Pseudomonadales;f__HTCC2089;g__RGAU01;s__
A07_CKDN240018934_scaffolds.fasta_bin.4	d__Bacteria;p__Actinobacteriota;c__Acidimicrobiia;o__Actinomarinales;f__Actinomarinaceae;g__Actinomarina;s__Actinomarina sp014384285
A07_CKDN240018934_scaffolds.fasta_bin.40	d__Bacteria;p__Planctomycetota;c__UBA1135;o__UBA1135;f__GCA-002686595;g__GCA-2686945;s__
A07_CKDN240018934_scaffolds.fasta_bin.41	d__Bacteria;p__Cyanobacteria;c__Cyanobacteriia;o__PCC-6307;f__Cyanobiaceae;g__Vulcanococcus;s__Vulcanococcus sp000179255
A07_CKDN240018934_scaffolds.fasta_bin.42	d__Bacteria;p__Proteobacteria;c__Alphaproteobacteria;o__Rhodobacterales;f__Rhodobacteraceae;g__LGRT01;s__LGRT01 sp001642945
A07_CKDN240018934_scaffolds.fasta_bin.43	Unclassified Bacteria
A07_CKDN240018934_scaffolds.fasta_bin.44	d__Bacteria;p__Proteobacteria;c__Alphaproteobacteria;o__Puniceispirillales;f__UBA1172;g__;s__
A07_CKDN240018934_scaffolds.fasta_bin.45	Unclassified
A07_CKDN240018934_scaffolds.fasta_bin.46	d__Bacteria;p__Bacteroidota;c__Bacteroidia;o__Flavobacteriales;f__Schleiferiaceae;g__UBA10364;s__UBA10364 sp003045825
A07_CKDN240018934_scaffolds.fasta_bin.47	d__Bacteria;p__Proteobacteria;c__Gammaproteobacteria;o__Pseudomonadales;f__Pseudohongiellaceae;g__UBA9145;s__UBA9145 sp003482475
A07_CKDN240018934_scaffolds.fasta_bin.48	d__Bacteria;p__Proteobacteria;c__Alphaproteobacteria;o__Pelagibacterales;f__Pelagibacteraceae;g__Pelagibacter;s__Pelagibacter sp017880265
A07_CKDN240018934_scaffolds.fasta_bin.49	Unclassified Bacteria
A07_CKDN240018934_scaffolds.fasta_bin.5	Unclassified Bacteria
A07_CKDN240018934_scaffolds.fasta_bin.50	d__Bacteria;p__Proteobacteria;c__Gammaproteobacteria;o__PS1;f__Thioglobaceae;g__VMDI01;s__VMDI01 sp008080915
A07_CKDN240018934_scaffolds.fasta_bin.51	d__Bacteria;p__Proteobacteria;c__Gammaproteobacteria;o__Burkholderiales;f__Methylophilaceae;g__BACL14;s__BACL14 sp017852315
A07_CKDN240018934_scaffolds.fasta_bin.52	d__Bacteria;p__Proteobacteria;c__Gammaproteobacteria;o__Pseudomonadales;f__Pseudohongiellaceae;g__UBA9145;s__
A07_CKDN240018934_scaffolds.fasta_bin.54	d__Bacteria;p__Proteobacteria;c__Gammaproteobacteria;o__Pseudomonadales;f__Litoricolaceae;g__HIMB30;s__HIMB30 sp002691485
A07_CKDN240018934_scaffolds.fasta_bin.55	d__Bacteria;p__Bacteroidota;c__Bacteroidia;o__Flavobacteriales;f__Schleiferiaceae;g__UBA10364;s__
A07_CKDN240018934_scaffolds.fasta_bin.56	Unclassified Bacteria
A07_CKDN240018934_scaffolds.fasta_bin.57	Unclassified Bacteria
A07_CKDN240018934_scaffolds.fasta_bin.58	Unclassified
A07_CKDN240018934_scaffolds.fasta_bin.59	d__Bacteria;p__Proteobacteria;c__Gammaproteobacteria;o__Pseudomonadales;f__Halieaceae;g__Aequoribacter;s__Aequoribacter fuscus
A07_CKDN240018934_scaffolds.fasta_bin.6	d__Bacteria;p__Proteobacteria;c__Alphaproteobacteria;o__Rhodobacterales;f__Rhodobacteraceae;g__Lutimaribacter;s__Lutimaribacter sp009924775
A07_CKDN240018934_scaffolds.fasta_bin.60	d__Bacteria;p__Cyanobacteria;c__Cyanobacteriia;o__PCC-6307;f__Cyanobiaceae;g__Vulcanococcus;s__
A07_CKDN240018934_scaffolds.fasta_bin.61	d__Bacteria;p__Proteobacteria;c__Gammaproteobacteria;o__SAR86;f__D2472;g__D2472;s__D2472 sp016779285
A07_CKDN240018934_scaffolds.fasta_bin.62	d__Bacteria;p__Proteobacteria;c__Alphaproteobacteria;o__Pelagibacterales;f__Pelagibacteraceae;g__Pelagibacter;s__Pelagibacter sp008638165
A07_CKDN240018934_scaffolds.fasta_bin.63	d__Bacteria;p__Bacteroidota;c__Bacteroidia;o__Flavobacteriales;f__UA16;g__;s__
A07_CKDN240018934_scaffolds.fasta_bin.64	Unclassified
A07_CKDN240018934_scaffolds.fasta_bin.67	d__Bacteria;p__Bacteroidota;c__Bacteroidia;o__Flavobacteriales;f__Flavobacteriaceae;g__CAJQLB01;s__
A07_CKDN240018934_scaffolds.fasta_bin.68	d__Bacteria;p__Proteobacteria;c__Alphaproteobacteria;o__Puniceispirillales;f__Puniceispirillaceae;g__UBA3439;s__UBA3439 sp017859295
A07_CKDN240018934_scaffolds.fasta_bin.69	d__Bacteria;p__Bacteroidota;c__Bacteroidia;o__NS11-12g;f__UBA955;g__VMCP01;s__VMCP01 sp008081305
A07_CKDN240018934_scaffolds.fasta_bin.7	d__Bacteria;p__Proteobacteria;c__Gammaproteobacteria;o__Pseudomonadales;f__Halieaceae;g__Aequoribacter;s__
A07_CKDN240018934_scaffolds.fasta_bin.70	d__Bacteria;p__Actinobacteriota;c__Acidimicrobiia;o__Acidimicrobiales;f__Ilumatobacteraceae;g__Casp-actino5;s__Casp-actino5 sp017859785
A07_CKDN240018934_scaffolds.fasta_bin.71	d__Bacteria;p__Bacteroidota;c__Bacteroidia;o__Flavobacteriales;f__Flavobacteriaceae;g__Winogradskyella;s__
A07_CKDN240018934_scaffolds.fasta_bin.72	d__Bacteria;p__Proteobacteria;c__Gammaproteobacteria;o__Pseudomonadales;f__Alcanivoracaceae;g__Alcanivorax;s__Alcanivorax profundi
A07_CKDN240018934_scaffolds.fasta_bin.73	d__Bacteria;p__Bacteroidota;c__Bacteroidia;o__Flavobacteriales;f__Flavobacteriaceae;g__UBA3478;s__UBA3478 sp002381155
A07_CKDN240018934_scaffolds.fasta_bin.74	d__Bacteria;p__Bacteroidota;c__Bacteroidia;o__Flavobacteriales;f__Crocinitomicaceae;g__Crocinitomix;s__
A07_CKDN240018934_scaffolds.fasta_bin.75	Unclassified Bacteria
A07_CKDN240018934_scaffolds.fasta_bin.76	d__Bacteria;p__Bacteroidota;c__Bacteroidia;o__Flavobacteriales;f__Schleiferiaceae;g__UBA10364;s__
A07_CKDN240018934_scaffolds.fasta_bin.8	d__Bacteria;p__Proteobacteria;c__Gammaproteobacteria;o__Pseudomonadales;f__Halieaceae;g__Luminiphilus;s__Luminiphilus sp008081075
A07_CKDN240018934_scaffolds.fasta_bin.9	d__Bacteria;p__Bacteroidota;c__Bacteroidia;o__Flavobacteriales;f__Flavobacteriaceae;g__BACL21;s__BACL21 sp009921505
A08_CKDN240018935_scaffolds.fasta_bin.1	Unclassified
A08_CKDN240018935_scaffolds.fasta_bin.10	d__Bacteria;p__Planctomycetota;c__UBA1135;o__UBA1135;f__GCA-002686595;g__GCA-2686945;s__
A08_CKDN240018935_scaffolds.fasta_bin.11	d__Bacteria;p__Bacteroidota;c__Bacteroidia;o__Flavobacteriales;f__Flavobacteriaceae;g__MS024-2A;s__MS024-2A sp017852075
A08_CKDN240018935_scaffolds.fasta_bin.12	d__Bacteria;p__Bacteroidota;c__Bacteroidia;o__Flavobacteriales;f__Flavobacteriaceae;g__BACL21;s__BACL21 sp009921505
A08_CKDN240018935_scaffolds.fasta_bin.13	d__Bacteria;p__Bacteroidota;c__Bacteroidia;o__Flavobacteriales;f__Flavobacteriaceae;g__Hel1-33-131;s__
A08_CKDN240018935_scaffolds.fasta_bin.14	d__Bacteria;p__Cyanobacteria;c__Cyanobacteriia;o__PCC-6307;f__Cyanobiaceae;g__Vulcanococcus;s__
A08_CKDN240018935_scaffolds.fasta_bin.15	d__Bacteria;p__Bacteroidota;c__Bacteroidia;o__Flavobacteriales;f__Flavobacteriaceae;g__UBA3478;s__UBA3478 sp002381155
A08_CKDN240018935_scaffolds.fasta_bin.16	d__Bacteria;p__Proteobacteria;c__Alphaproteobacteria;o__Puniceispirillales;f__Puniceispirillaceae;g__UBA3439;s__
A08_CKDN240018935_scaffolds.fasta_bin.17	Unclassified Bacteria
A08_CKDN240018935_scaffolds.fasta_bin.18	d__Bacteria;p__Bacteroidota;c__Bacteroidia;o__NS11-12g;f__UBA955;g__VMCP01;s__VMCP01 sp008081305
A08_CKDN240018935_scaffolds.fasta_bin.19	d__Bacteria;p__Proteobacteria;c__Gammaproteobacteria;o__SAR86;f__D2472;g__D2472;s__D2472 sp016779285
A08_CKDN240018935_scaffolds.fasta_bin.2	d__Bacteria;p__Bacteroidota;c__Bacteroidia;o__Flavobacteriales;f__Schleiferiaceae;g__UBA10364;s__
A08_CKDN240018935_scaffolds.fasta_bin.20	d__Bacteria;p__Proteobacteria;c__Alphaproteobacteria;o__Pelagibacterales;f__Pelagibacteraceae;g__Pelagibacter;s__Pelagibacter sp008638165
A08_CKDN240018935_scaffolds.fasta_bin.21	Unclassified
A08_CKDN240018935_scaffolds.fasta_bin.22	d__Bacteria;p__Proteobacteria;c__Alphaproteobacteria;o__Puniceispirillales;f__Puniceispirillaceae;g__UBA3439;s__UBA3439 sp017859295
A08_CKDN240018935_scaffolds.fasta_bin.23	d__Bacteria;p__Actinobacteriota;c__Acidimicrobiia;o__Acidimicrobiales;f__Ilumatobacteraceae;g__Casp-actino5;s__Casp-actino5 sp017859785
A08_CKDN240018935_scaffolds.fasta_bin.24	d__Bacteria;p__Proteobacteria;c__Gammaproteobacteria;o__Pseudomonadales;f__Halieaceae;g__Aequoribacter;s__Aequoribacter fuscus
A08_CKDN240018935_scaffolds.fasta_bin.25	Unclassified
A08_CKDN240018935_scaffolds.fasta_bin.26	d__Bacteria;p__Proteobacteria;c__Alphaproteobacteria;o__Puniceispirillales;f__AAA536-G10;g__AAA536-G10;s__
A08_CKDN240018935_scaffolds.fasta_bin.27	d__Bacteria;p__Proteobacteria;c__Alphaproteobacteria;o__Rhodobacterales;f__Rhodobacteraceae;g__HIMB11;s__HIMB11 sp003486095
A08_CKDN240018935_scaffolds.fasta_bin.28	d__Bacteria;p__;c__;o__;f__;g__;s__
A08_CKDN240018935_scaffolds.fasta_bin.29	d__Bacteria;p__Proteobacteria;c__Gammaproteobacteria;o__Pseudomonadales;f__Litoricolaceae;g__HIMB30;s__HIMB30 sp002691485
A08_CKDN240018935_scaffolds.fasta_bin.3	Unclassified Bacteria
A08_CKDN240018935_scaffolds.fasta_bin.30	d__Bacteria;p__Proteobacteria;c__Gammaproteobacteria;o__Pseudomonadales;f__HTCC2089;g__RGAU01;s__
A08_CKDN240018935_scaffolds.fasta_bin.31	d__Bacteria;p__Bacteroidota;c__Bacteroidia;o__Flavobacteriales;f__Flavobacteriaceae;g__Polaribacter;s__
A08_CKDN240018935_scaffolds.fasta_bin.32	d__Bacteria;p__Proteobacteria;c__Alphaproteobacteria;o__Rhodobacterales;f__Rhodobacteraceae;g__Planktomarina;s__Planktomarina temperata
A08_CKDN240018935_scaffolds.fasta_bin.33	d__Bacteria;p__Proteobacteria;c__Alphaproteobacteria;o__Rhodobacterales;f__Rhodobacteraceae;g__M30B80;s__M30B80 sp015693905
A08_CKDN240018935_scaffolds.fasta_bin.34	d__Bacteria;p__Bacteroidota;c__Bacteroidia;o__Flavobacteriales;f__Flavobacteriaceae;g__Winogradskyella;s__
A08_CKDN240018935_scaffolds.fasta_bin.35	d__Bacteria;p__Proteobacteria;c__Alphaproteobacteria;o__Pelagibacterales;f__Pelagibacteraceae;g__IMCC9063;s__IMCC9063 sp008638015
A08_CKDN240018935_scaffolds.fasta_bin.36	d__Bacteria;p__Proteobacteria;c__Gammaproteobacteria;o__Pseudomonadales;f__Pseudohongiellaceae;g__UBA9145;s__
A08_CKDN240018935_scaffolds.fasta_bin.37	d__Bacteria;p__Proteobacteria;c__Gammaproteobacteria;o__Pseudomonadales;f__Pseudohongiellaceae;g__UBA9145;s__UBA9145 sp003482475
A08_CKDN240018935_scaffolds.fasta_bin.38	d__Bacteria;p__Proteobacteria;c__Gammaproteobacteria;o__Burkholderiales;f__Methylophilaceae;g__BACL14;s__BACL14 sp010023085
A08_CKDN240018935_scaffolds.fasta_bin.39	d__Bacteria;p__Bacteroidota;c__Bacteroidia;o__Flavobacteriales;f__UA16;g__UBA11663;s__
A08_CKDN240018935_scaffolds.fasta_bin.4	d__Bacteria;p__Actinobacteriota;c__Acidimicrobiia;o__Actinomarinales;f__Actinomarinaceae;g__Actinomarina;s__Actinomarina sp014384285
A08_CKDN240018935_scaffolds.fasta_bin.40	d__Bacteria;p__Bacteroidota;c__Bacteroidia;o__Chitinophagales;f__UBA8649;g__JAFMKE01;s__JAFMKE01 sp017853115
A08_CKDN240018935_scaffolds.fasta_bin.41	d__Bacteria;p__Proteobacteria;c__Alphaproteobacteria;o__Rhodobacterales;f__Rhodobacteraceae;g__HIMB11;s__HIMB11 sp009920225
A08_CKDN240018935_scaffolds.fasta_bin.42	d__Bacteria;p__Bacteroidota;c__Bacteroidia;o__Flavobacteriales;f__Crocinitomicaceae;g__Crocinitomix;s__
A08_CKDN240018935_scaffolds.fasta_bin.45	d__Bacteria;p__Proteobacteria;c__Gammaproteobacteria;o__SAR86;f__D2472;g__VMDH01;s__
A08_CKDN240018935_scaffolds.fasta_bin.46	d__Bacteria;p__Bacteroidota;c__Bacteroidia;o__Flavobacteriales;f__Flavobacteriaceae;g__BACL21;s__
A08_CKDN240018935_scaffolds.fasta_bin.47	d__Bacteria;p__Proteobacteria;c__Alphaproteobacteria;o__Pelagibacterales;f__Pelagibacteraceae;g__SYDM01;s__SYDM01 sp008638125
A08_CKDN240018935_scaffolds.fasta_bin.48	Unclassified Bacteria
A08_CKDN240018935_scaffolds.fasta_bin.49	d__Bacteria;p__Bacteroidota;c__Bacteroidia;o__Flavobacteriales;f__Crocinitomicaceae;g__SZUA-381;s__
A08_CKDN240018935_scaffolds.fasta_bin.5	d__Bacteria;p__Bacteroidota;c__Bacteroidia;o__Flavobacteriales;f__Flavobacteriaceae;g__CAJQLB01;s__
A08_CKDN240018935_scaffolds.fasta_bin.50	d__Bacteria;p__Proteobacteria;c__Alphaproteobacteria;o__Pelagibacterales;f__Pelagibacteraceae;g__SYDM01;s__SYDM01 sp008638125
A08_CKDN240018935_scaffolds.fasta_bin.51	d__Bacteria;p__Proteobacteria;c__Alphaproteobacteria;o__Rhodobacterales;f__Rhodobacteraceae;g__HIMB11;s__HIMB11 sp009920815
A08_CKDN240018935_scaffolds.fasta_bin.52	Unclassified
A08_CKDN240018935_scaffolds.fasta_bin.53	d__Bacteria;p__Proteobacteria;c__Alphaproteobacteria;o__Rhodobacterales;f__Rhodobacteraceae;g__LGRT01;s__
A08_CKDN240018935_scaffolds.fasta_bin.54	Unclassified Bacteria
A08_CKDN240018935_scaffolds.fasta_bin.55	d__Bacteria;p__Proteobacteria;c__Alphaproteobacteria;o__Pelagibacterales;f__Pelagibacteraceae;g__Pelagibacter;s__
A08_CKDN240018935_scaffolds.fasta_bin.56	d__Bacteria;p__Bacteroidota;c__Bacteroidia;o__Flavobacteriales;f__Schleiferiaceae;g__UBA10364;s__UBA10364 sp003045825
A08_CKDN240018935_scaffolds.fasta_bin.57	d__Bacteria;p__Proteobacteria;c__Gammaproteobacteria;o__Pseudomonadales;f__Halieaceae;g__Luminiphilus;s__Luminiphilus sp008081075
A08_CKDN240018935_scaffolds.fasta_bin.58	Unclassified Bacteria
A08_CKDN240018935_scaffolds.fasta_bin.59	d__Bacteria;p__Cyanobacteria;c__Cyanobacteriia;o__PCC-6307;f__Cyanobiaceae;g__Vulcanococcus;s__Vulcanococcus sp000179255
A08_CKDN240018935_scaffolds.fasta_bin.6	Unclassified Bacteria
A08_CKDN240018935_scaffolds.fasta_bin.60	d__Bacteria;p__Bacteroidota;c__Bacteroidia;o__Flavobacteriales;f__UA16;g__UBA11663;s__
A08_CKDN240018935_scaffolds.fasta_bin.61	d__Bacteria;p__Proteobacteria;c__Alphaproteobacteria;o__Rhodobacterales;f__Rhodobacteraceae;g__Lutimaribacter;s__Lutimaribacter sp009924775
A08_CKDN240018935_scaffolds.fasta_bin.62	Unclassified
A08_CKDN240018935_scaffolds.fasta_bin.63	Unclassified
A08_CKDN240018935_scaffolds.fasta_bin.64	d__Bacteria;p__Proteobacteria;c__Gammaproteobacteria;o__Burkholderiales;f__Methylophilaceae;g__BACL14;s__BACL14 sp017852315
A08_CKDN240018935_scaffolds.fasta_bin.65	d__Bacteria;p__Actinobacteriota;c__Acidimicrobiia;o__Acidimicrobiales;f__Ilumatobacteraceae;g__Casp-actino5;s__Casp-actino5 sp017859395
A08_CKDN240018935_scaffolds.fasta_bin.66	d__Bacteria;p__Proteobacteria;c__Alphaproteobacteria;o__Rhodobacterales;f__Rhodobacteraceae;g__LFER01;s__LFER01 sp001510135
A08_CKDN240018935_scaffolds.fasta_bin.67	d__Bacteria;p__Proteobacteria;c__Gammaproteobacteria;o__Chromatiales;f__Sedimenticolaceae;g__VMDJ01;s__VMDJ01 sp008080925
A08_CKDN240018935_scaffolds.fasta_bin.68	d__Bacteria;p__Proteobacteria;c__Alphaproteobacteria;o__Pelagibacterales;f__Pelagibacteraceae;g__Pelagibacter;s__Pelagibacter sp017880265
A08_CKDN240018935_scaffolds.fasta_bin.69	Unclassified Bacteria
A08_CKDN240018935_scaffolds.fasta_bin.7	Unclassified Bacteria
A08_CKDN240018935_scaffolds.fasta_bin.70	d__Bacteria;p__Cyanobacteria;c__Cyanobacteriia;o__PCC-6307;f__;g__;s__
A08_CKDN240018935_scaffolds.fasta_bin.71	d__Bacteria;p__Bacteroidota;c__Bacteroidia;o__Flavobacteriales;f__Schleiferiaceae;g__UBA10364;s__
A08_CKDN240018935_scaffolds.fasta_bin.72	d__Bacteria;p__Actinobacteriota;c__Actinomycetia;o__Actinomycetales;f__Microbacteriaceae;g__Aquiluna;s__Aquiluna sp016780945
A08_CKDN240018935_scaffolds.fasta_bin.73	d__Bacteria;p__Proteobacteria;c__Gammaproteobacteria;o__PS1;f__Thioglobaceae;g__VMDI01;s__VMDI01 sp008080915
A08_CKDN240018935_scaffolds.fasta_bin.8	d__Bacteria;p__Bacteroidota;c__Bacteroidia;o__Flavobacteriales;f__UBA7312;g__GCA-2862585;s__
A08_CKDN240018935_scaffolds.fasta_bin.9	Unclassified
A09_CKDN240018936_scaffolds.fasta_bin.1	Unclassified Bacteria
A09_CKDN240018936_scaffolds.fasta_bin.10	Unclassified Bacteria
A09_CKDN240018936_scaffolds.fasta_bin.11	d__Bacteria;p__Bacteroidota;c__Bacteroidia;o__Flavobacteriales;f__Schleiferiaceae;g__UBA10364;s__
A09_CKDN240018936_scaffolds.fasta_bin.12	d__Bacteria;p__Proteobacteria;c__Gammaproteobacteria;o__Pseudomonadales;f__Spongiibacteraceae;g__;s__
A09_CKDN240018936_scaffolds.fasta_bin.13	d__Bacteria;p__Proteobacteria;c__Gammaproteobacteria;o__SAR86;f__D2472;g__SCGC-AAA076-P13;s__SCGC-AAA076-P13 sp000385055
A09_CKDN240018936_scaffolds.fasta_bin.14	d__Bacteria;p__Proteobacteria;c__Alphaproteobacteria;o__Rhodobacterales;f__Rhodobacteraceae;g__Planktomarina;s__Planktomarina temperata
A09_CKDN240018936_scaffolds.fasta_bin.15	d__Bacteria;p__Actinobacteriota;c__Acidimicrobiia;o__Actinomarinales;f__Actinomarinaceae;g__Actinomarina;s__Actinomarina sp014384285
A09_CKDN240018936_scaffolds.fasta_bin.16	d__Bacteria;p__Actinobacteriota;c__Actinomycetia;o__Actinomycetales;f__Microbacteriaceae;g__Aquiluna;s__Aquiluna sp016780945
A09_CKDN240018936_scaffolds.fasta_bin.17	d__Bacteria;p__Proteobacteria;c__Gammaproteobacteria;o__Pseudomonadales;f__HTCC2089;g__RGAU01;s__
A09_CKDN240018936_scaffolds.fasta_bin.18	d__Bacteria;p__Proteobacteria;c__Alphaproteobacteria;o__Pelagibacterales;f__Pelagibacteraceae;g__Pelagibacter;s__Pelagibacter ubique
A09_CKDN240018936_scaffolds.fasta_bin.19	d__Bacteria;p__Proteobacteria;c__Alphaproteobacteria;o__Pelagibacterales;f__Pelagibacteraceae;g__Pelagibacter;s__
A09_CKDN240018936_scaffolds.fasta_bin.2	d__Bacteria;p__Bacteroidota;c__Bacteroidia;o__Flavobacteriales;f__Flavobacteriaceae;g__MS024-2A;s__MS024-2A sp017852075
A09_CKDN240018936_scaffolds.fasta_bin.20	d__Bacteria;p__Proteobacteria;c__Alphaproteobacteria;o__Pelagibacterales;f__Pelagibacteraceae;g__Pelagibacter;s__Pelagibacter sp017880265
A09_CKDN240018936_scaffolds.fasta_bin.21	d__Bacteria;p__Bacteroidota;c__Bacteroidia;o__Flavobacteriales;f__Flavobacteriaceae;g__BACL21;s__
A09_CKDN240018936_scaffolds.fasta_bin.22	d__Bacteria;p__Proteobacteria;c__Gammaproteobacteria;o__Chromatiales;f__Sedimenticolaceae;g__VMDJ01;s__VMDJ01 sp008080925
A09_CKDN240018936_scaffolds.fasta_bin.23	d__Bacteria;p__Proteobacteria;c__Alphaproteobacteria;o__Rhodobacterales;f__Rhodobacteraceae;g__Lutimaribacter;s__Lutimaribacter sp009924775
A09_CKDN240018936_scaffolds.fasta_bin.24	d__Bacteria;p__Desulfobacterota;c__Desulfobulbia;o__Desulfobulbales;f__Desulfocapsaceae;g__JABDQA01;s__JABDQA01 sp905479735
A09_CKDN240018936_scaffolds.fasta_bin.25	d__Bacteria;p__Proteobacteria;c__Alphaproteobacteria;o__HIMB59;f__HIMB59;g__HIMB59;s__
A09_CKDN240018936_scaffolds.fasta_bin.26	d__Bacteria;p__Proteobacteria;c__Alphaproteobacteria;o__Rhodobacterales;f__Rhodobacteraceae;g__LGRT01;s__LGRT01 sp001642945
A09_CKDN240018936_scaffolds.fasta_bin.27	d__Bacteria;p__Planctomycetota;c__UBA1135;o__UBA1135;f__GCA-002686595;g__GCA-2686945;s__
A09_CKDN240018936_scaffolds.fasta_bin.28	d__Bacteria;p__;c__;o__;f__;g__;s__
A09_CKDN240018936_scaffolds.fasta_bin.29	d__Bacteria;p__Proteobacteria;c__Gammaproteobacteria;o__Burkholderiales;f__Methylophilaceae;g__BACL14;s__BACL14 sp010023085
A09_CKDN240018936_scaffolds.fasta_bin.3	d__Bacteria;p__Bacteroidota;c__Bacteroidia;o__Flavobacteriales;f__Flavobacteriaceae;g__UBA3478;s__UBA3478 sp002381155
A09_CKDN240018936_scaffolds.fasta_bin.30	d__Bacteria;p__Cyanobacteria;c__Cyanobacteriia;o__PCC-6307;f__;g__;s__
A09_CKDN240018936_scaffolds.fasta_bin.31	d__Bacteria;p__Proteobacteria;c__Gammaproteobacteria;o__Pseudomonadales;f__Pseudohongiellaceae;g__UBA9145;s__UBA9145 sp003482475
A09_CKDN240018936_scaffolds.fasta_bin.32	d__Bacteria;p__Proteobacteria;c__Gammaproteobacteria;o__Pseudomonadales;f__Halieaceae;g__Luminiphilus;s__Luminiphilus sp008081075
A09_CKDN240018936_scaffolds.fasta_bin.34	d__Bacteria;p__Proteobacteria;c__Gammaproteobacteria;o__Burkholderiales;f__Methylophilaceae;g__BACL14;s__BACL14 sp017852315
A09_CKDN240018936_scaffolds.fasta_bin.35	d__Bacteria;p__Proteobacteria;c__Alphaproteobacteria;o__Pelagibacterales;f__Pelagibacteraceae;g__Pelagibacter;s__Pelagibacter sp008638165
A09_CKDN240018936_scaffolds.fasta_bin.36	d__Bacteria;p__Proteobacteria;c__Gammaproteobacteria;o__Pseudomonadales;f__Litoricolaceae;g__HIMB30;s__HIMB30 sp002691485
A09_CKDN240018936_scaffolds.fasta_bin.37	d__Bacteria;p__Proteobacteria;c__Gammaproteobacteria;o__SAR86;f__D2472;g__VMDH01;s__
A09_CKDN240018936_scaffolds.fasta_bin.38	d__Bacteria;p__Proteobacteria;c__Gammaproteobacteria;o__Pseudomonadales;f__Pseudohongiellaceae;g__UBA9145;s__
A09_CKDN240018936_scaffolds.fasta_bin.39	d__Bacteria;p__Bacteroidota;c__Bacteroidia;o__Flavobacteriales;f__Schleiferiaceae;g__UBA10364;s__UBA10364 sp003045825
A09_CKDN240018936_scaffolds.fasta_bin.4	d__Bacteria;p__Bacteroidota;c__Bacteroidia;o__NS11-12g;f__UBA955;g__VMCP01;s__VMCP01 sp008081305
A09_CKDN240018936_scaffolds.fasta_bin.40	d__Bacteria;p__Proteobacteria;c__Gammaproteobacteria;o__Pseudomonadales;f__Halieaceae;g__Aequoribacter;s__Aequoribacter fuscus
A09_CKDN240018936_scaffolds.fasta_bin.41	d__Bacteria;p__Proteobacteria;c__Gammaproteobacteria;o__Arenicellales;f__BMS3Bbin11;g__BMS3Bbin11;s__
A09_CKDN240018936_scaffolds.fasta_bin.42	d__Bacteria;p__Bacteroidota;c__Bacteroidia;o__Flavobacteriales;f__Flavobacteriaceae;g__Polaribacter;s__
A09_CKDN240018936_scaffolds.fasta_bin.43	Unclassified
A09_CKDN240018936_scaffolds.fasta_bin.44	d__Bacteria;p__Actinobacteriota;c__Acidimicrobiia;o__Acidimicrobiales;f__Ilumatobacteraceae;g__Casp-actino5;s__Casp-actino5 sp017859785
A09_CKDN240018936_scaffolds.fasta_bin.45	d__Bacteria;p__Cyanobacteria;c__Cyanobacteriia;o__PCC-6307;f__Cyanobiaceae;g__Vulcanococcus;s__Vulcanococcus sp000179255
A09_CKDN240018936_scaffolds.fasta_bin.46	d__Bacteria;p__Proteobacteria;c__Gammaproteobacteria;o__SAR86;f__D2472;g__D2472;s__D2472 sp016779285
A09_CKDN240018936_scaffolds.fasta_bin.47	d__Bacteria;p__Proteobacteria;c__Alphaproteobacteria;o__Rhodobacterales;f__Rhodobacteraceae;g__LFER01;s__LFER01 sp001510135
A09_CKDN240018936_scaffolds.fasta_bin.48	d__Bacteria;p__Proteobacteria;c__Gammaproteobacteria;o__PS1;f__Thioglobaceae;g__VMDI01;s__VMDI01 sp008080915
A09_CKDN240018936_scaffolds.fasta_bin.49	Unclassified Bacteria
A09_CKDN240018936_scaffolds.fasta_bin.5	d__Bacteria;p__Proteobacteria;c__Alphaproteobacteria;o__Puniceispirillales;f__AAA536-G10;g__AAA536-G10;s__
A09_CKDN240018936_scaffolds.fasta_bin.50	d__Bacteria;p__Bacteroidota;c__Bacteroidia;o__Flavobacteriales;f__Schleiferiaceae;g__UBA10364;s__
A09_CKDN240018936_scaffolds.fasta_bin.51	d__Bacteria;p__Bacteroidota;c__Bacteroidia;o__Flavobacteriales;f__UA16;g__UBA11663;s__
A09_CKDN240018936_scaffolds.fasta_bin.52	d__Bacteria;p__Bacteroidota;c__Bacteroidia;o__Flavobacteriales;f__Crocinitomicaceae;g__SZUA-381;s__
A09_CKDN240018936_scaffolds.fasta_bin.53	d__Bacteria;p__Bacteroidota;c__Bacteroidia;o__Flavobacteriales;f__Flavobacteriaceae;g__BACL21;s__BACL21 sp009921505
A09_CKDN240018936_scaffolds.fasta_bin.54	Unclassified Bacteria
A09_CKDN240018936_scaffolds.fasta_bin.55	d__Bacteria;p__Proteobacteria;c__Alphaproteobacteria;o__Puniceispirillales;f__Puniceispirillaceae;g__UBA3439;s__UBA3439 sp017859295
A09_CKDN240018936_scaffolds.fasta_bin.56	Unclassified Bacteria
A09_CKDN240018936_scaffolds.fasta_bin.57	Unclassified Bacteria
A09_CKDN240018936_scaffolds.fasta_bin.58	d__Bacteria;p__Proteobacteria;c__Alphaproteobacteria;o__Rhodobacterales;f__Rhodobacteraceae;g__HIMB11;s__HIMB11 sp003486095
A09_CKDN240018936_scaffolds.fasta_bin.59	Unclassified
A09_CKDN240018936_scaffolds.fasta_bin.6	Unclassified
A09_CKDN240018936_scaffolds.fasta_bin.60	d__Bacteria;p__Cyanobacteria;c__Cyanobacteriia;o__PCC-6307;f__Cyanobiaceae;g__Vulcanococcus;s__
A09_CKDN240018936_scaffolds.fasta_bin.7	d__Bacteria;p__Proteobacteria;c__Alphaproteobacteria;o__Pelagibacterales;f__Pelagibacteraceae;g__SYDM01;s__SYDM01 sp008638125
A09_CKDN240018936_scaffolds.fasta_bin.8	d__Bacteria;p__Proteobacteria;c__Alphaproteobacteria;o__Pelagibacterales;f__Pelagibacteraceae;g__IMCC9063;s__IMCC9063 sp008638015
A10_CKDN240018937_scaffolds.fasta_bin.1	d__Bacteria;p__Planctomycetota;c__UBA1135;o__UBA1135;f__GCA-002686595;g__GCA-2686945;s__
A10_CKDN240018937_scaffolds.fasta_bin.10	d__Bacteria;p__Proteobacteria;c__Alphaproteobacteria;o__Rhodobacterales;f__Rhodobacteraceae;g__Lutimaribacter;s__Lutimaribacter sp009924775
A10_CKDN240018937_scaffolds.fasta_bin.11	d__Bacteria;p__Bacteroidota;c__Bacteroidia;o__Flavobacteriales;f__UA16;g__UBA11663;s__
A10_CKDN240018937_scaffolds.fasta_bin.12	d__Bacteria;p__Proteobacteria;c__Gammaproteobacteria;o__Pseudomonadales;f__HTCC2089;g__RGAU01;s__
A10_CKDN240018937_scaffolds.fasta_bin.13	d__Bacteria;p__Actinobacteriota;c__Acidimicrobiia;o__Actinomarinales;f__Actinomarinaceae;g__Actinomarina;s__Actinomarina sp014384285
A10_CKDN240018937_scaffolds.fasta_bin.14	d__Bacteria;p__Desulfobacterota;c__Desulfobulbia;o__Desulfobulbales;f__Desulfocapsaceae;g__JABDQA01;s__JABDQA01 sp905479735
A10_CKDN240018937_scaffolds.fasta_bin.15	Unclassified Bacteria
A10_CKDN240018937_scaffolds.fasta_bin.16	d__Bacteria;p__Actinobacteriota;c__Acidimicrobiia;o__Acidimicrobiales;f__Ilumatobacteraceae;g__Casp-actino5;s__Casp-actino5 sp017859785
A10_CKDN240018937_scaffolds.fasta_bin.17	d__Bacteria;p__Proteobacteria;c__Gammaproteobacteria;o__PS1;f__Thioglobaceae;g__VMDI01;s__VMDI01 sp008080915
A10_CKDN240018937_scaffolds.fasta_bin.18	d__Bacteria;p__Proteobacteria;c__Alphaproteobacteria;o__Rhodobacterales;f__Rhodobacteraceae;g__HIMB11;s__HIMB11 sp003486095
A10_CKDN240018937_scaffolds.fasta_bin.19	d__Bacteria;p__Proteobacteria;c__Gammaproteobacteria;o__Burkholderiales;f__Methylophilaceae;g__BACL14;s__BACL14 sp010023085
A10_CKDN240018937_scaffolds.fasta_bin.2	Unclassified Bacteria
A10_CKDN240018937_scaffolds.fasta_bin.20	d__Bacteria;p__Actinobacteriota;c__Actinomycetia;o__Actinomycetales;f__Microbacteriaceae;g__Aquiluna;s__Aquiluna sp016780945
A10_CKDN240018937_scaffolds.fasta_bin.21	d__Bacteria;p__Cyanobacteria;c__;o__;f__;g__;s__
A10_CKDN240018937_scaffolds.fasta_bin.22	d__Bacteria;p__Proteobacteria;c__Alphaproteobacteria;o__Puniceispirillales;f__Puniceispirillaceae;g__UBA3439;s__UBA3439 sp017859295
A10_CKDN240018937_scaffolds.fasta_bin.23	d__Bacteria;p__Proteobacteria;c__Alphaproteobacteria;o__Rhodobacterales;f__Rhodobacteraceae;g__Planktomarina;s__Planktomarina temperata
A10_CKDN240018937_scaffolds.fasta_bin.24	d__Bacteria;p__Proteobacteria;c__Alphaproteobacteria;o__Pelagibacterales;f__Pelagibacteraceae;g__SYDM01;s__SYDM01 sp008638125
A10_CKDN240018937_scaffolds.fasta_bin.25	d__Bacteria;p__Bacteroidota;c__Bacteroidia;o__Flavobacteriales;f__Flavobacteriaceae;g__BACL21;s__
A10_CKDN240018937_scaffolds.fasta_bin.26	Unclassified
A10_CKDN240018937_scaffolds.fasta_bin.27	Unclassified Bacteria
A10_CKDN240018937_scaffolds.fasta_bin.28	d__Bacteria;p__Bacteroidota;c__Bacteroidia;o__Flavobacteriales;f__Flavobacteriaceae;g__UBA3478;s__UBA3478 sp002381155
A10_CKDN240018937_scaffolds.fasta_bin.29	d__Bacteria;p__Bacteroidota;c__Bacteroidia;o__Flavobacteriales;f__Flavobacteriaceae;g__BACL21;s__BACL21 sp009921505
A10_CKDN240018937_scaffolds.fasta_bin.3	d__Bacteria;p__Proteobacteria;c__Gammaproteobacteria;o__Pseudomonadales;f__Pseudohongiellaceae;g__UBA9145;s__
A10_CKDN240018937_scaffolds.fasta_bin.30	d__Bacteria;p__Bacteroidota;c__Bacteroidia;o__Flavobacteriales;f__Schleiferiaceae;g__UBA10364;s__UBA10364 sp003045825
A10_CKDN240018937_scaffolds.fasta_bin.31	Unclassified
A10_CKDN240018937_scaffolds.fasta_bin.32	d__Bacteria;p__Bacteroidota;c__Bacteroidia;o__NS11-12g;f__UBA955;g__VMCP01;s__VMCP01 sp008081305
A10_CKDN240018937_scaffolds.fasta_bin.33	d__Bacteria;p__Proteobacteria;c__Alphaproteobacteria;o__Pelagibacterales;f__Pelagibacteraceae;g__Pelagibacter;s__Pelagibacter sp017880265
A10_CKDN240018937_scaffolds.fasta_bin.34	Unclassified Bacteria
A10_CKDN240018937_scaffolds.fasta_bin.35	d__Bacteria;p__Bacteroidota;c__Bacteroidia;o__Flavobacteriales;f__Flavobacteriaceae;g__MS024-2A;s__MS024-2A sp017852075
A10_CKDN240018937_scaffolds.fasta_bin.36	d__Bacteria;p__Proteobacteria;c__Gammaproteobacteria;o__Arenicellales;f__BMS3Bbin11;g__BMS3Bbin11;s__
A10_CKDN240018937_scaffolds.fasta_bin.37	d__Bacteria;p__Proteobacteria;c__Gammaproteobacteria;o__Pseudomonadales;f__UBA5518;g__;s__
A10_CKDN240018937_scaffolds.fasta_bin.38	d__Bacteria;p__Cyanobacteria;c__Cyanobacteriia;o__PCC-6307;f__Cyanobiaceae;g__Vulcanococcus;s__Vulcanococcus sp000179255
A10_CKDN240018937_scaffolds.fasta_bin.39	Unclassified
A10_CKDN240018937_scaffolds.fasta_bin.4	Unclassified
A10_CKDN240018937_scaffolds.fasta_bin.40	d__Bacteria;p__Bacteroidota;c__Bacteroidia;o__Flavobacteriales;f__Flavobacteriaceae;g__Polaribacter;s__
A10_CKDN240018937_scaffolds.fasta_bin.41	d__Bacteria;p__Proteobacteria;c__Gammaproteobacteria;o__Chromatiales;f__Sedimenticolaceae;g__VMDJ01;s__VMDJ01 sp008080925
A10_CKDN240018937_scaffolds.fasta_bin.42	d__Bacteria;p__Proteobacteria;c__Alphaproteobacteria;o__Pelagibacterales;f__Pelagibacteraceae;g__IMCC9063;s__IMCC9063 sp008638015
A10_CKDN240018937_scaffolds.fasta_bin.43	d__Bacteria;p__Proteobacteria;c__Alphaproteobacteria;o__Pelagibacterales;f__Pelagibacteraceae;g__Pelagibacter;s__Pelagibacter ubique
A10_CKDN240018937_scaffolds.fasta_bin.44	d__Bacteria;p__Bacteroidota;c__Bacteroidia;o__Flavobacteriales;f__Schleiferiaceae;g__UBA10364;s__
A10_CKDN240018937_scaffolds.fasta_bin.45	d__Bacteria;p__Proteobacteria;c__Gammaproteobacteria;o__Pseudomonadales;f__Litoricolaceae;g__HIMB30;s__HIMB30 sp002691485
A10_CKDN240018937_scaffolds.fasta_bin.46	d__Bacteria;p__Proteobacteria;c__Alphaproteobacteria;o__Pelagibacterales;f__Pelagibacteraceae;g__Pelagibacter;s__
A10_CKDN240018937_scaffolds.fasta_bin.47	d__Bacteria;p__Proteobacteria;c__Gammaproteobacteria;o__Pseudomonadales;f__Halieaceae;g__Aequoribacter;s__Aequoribacter fuscus
A10_CKDN240018937_scaffolds.fasta_bin.48	d__Bacteria;p__Proteobacteria;c__Gammaproteobacteria;o__Pseudomonadales;f__Pseudohongiellaceae;g__UBA9145;s__UBA9145 sp003482475
A10_CKDN240018937_scaffolds.fasta_bin.5	d__Bacteria;p__Proteobacteria;c__Gammaproteobacteria;o__SAR86;f__D2472;g__D2472;s__D2472 sp016779285
A10_CKDN240018937_scaffolds.fasta_bin.6	d__Bacteria;p__Proteobacteria;c__Gammaproteobacteria;o__Burkholderiales;f__Methylophilaceae;g__BACL14;s__BACL14 sp017852315
A10_CKDN240018937_scaffolds.fasta_bin.7	d__Bacteria;p__Proteobacteria;c__Alphaproteobacteria;o__Pelagibacterales;f__Pelagibacteraceae;g__Pelagibacter;s__Pelagibacter sp008638165
A10_CKDN240018937_scaffolds.fasta_bin.8	d__Bacteria;p__Bacteroidota;c__Bacteroidia;o__Flavobacteriales;f__Crocinitomicaceae;g__;s__
A10_CKDN240018937_scaffolds.fasta_bin.9	Unclassified Bacteria
A11_CKDN240018938_scaffolds.fasta_bin.1	d__Bacteria;p__Proteobacteria;c__Alphaproteobacteria;o__Puniceispirillales;f__Puniceispirillaceae;g__UBA3439;s__UBA3439 sp017859295
A11_CKDN240018938_scaffolds.fasta_bin.10	d__Bacteria;p__Bacteroidota;c__Bacteroidia;o__Flavobacteriales;f__Schleiferiaceae;g__UBA10364;s__
A11_CKDN240018938_scaffolds.fasta_bin.11	d__Bacteria;p__Proteobacteria;c__Alphaproteobacteria;o__Pelagibacterales;f__Pelagibacteraceae;g__Pelagibacter;s__
A11_CKDN240018938_scaffolds.fasta_bin.12	d__Bacteria;p__Proteobacteria;c__Gammaproteobacteria;o__Pseudomonadales;f__Pseudohongiellaceae;g__UBA9145;s__UBA9145 sp008081045
A11_CKDN240018938_scaffolds.fasta_bin.13	Unclassified
A11_CKDN240018938_scaffolds.fasta_bin.14	d__Bacteria;p__Bacteroidota;c__Bacteroidia;o__Flavobacteriales;f__UA16;g__;s__
A11_CKDN240018938_scaffolds.fasta_bin.15	d__Bacteria;p__Planctomycetota;c__UBA1135;o__UBA1135;f__GCA-002686595;g__GCA-2686945;s__
A11_CKDN240018938_scaffolds.fasta_bin.16	Unclassified Bacteria
A11_CKDN240018938_scaffolds.fasta_bin.17	d__Bacteria;p__Bacteroidota;c__Bacteroidia;o__Flavobacteriales;f__Flavobacteriaceae;g__MS024-2A;s__MS024-2A sp000173095
A11_CKDN240018938_scaffolds.fasta_bin.18	d__Bacteria;p__Proteobacteria;c__Alphaproteobacteria;o__Rhodobacterales;f__Rhodobacteraceae;g__Lutimaribacter;s__Lutimaribacter sp009924775
A11_CKDN240018938_scaffolds.fasta_bin.19	Unclassified
A11_CKDN240018938_scaffolds.fasta_bin.2	d__Bacteria;p__Bacteroidota;c__Bacteroidia;o__Flavobacteriales;f__Flavobacteriaceae;g__BACL21;s__BACL21 sp009921505
A11_CKDN240018938_scaffolds.fasta_bin.20	d__Bacteria;p__Proteobacteria;c__Gammaproteobacteria;o__Burkholderiales;f__Methylophilaceae;g__BACL14;s__BACL14 sp017852315
A11_CKDN240018938_scaffolds.fasta_bin.21	d__Bacteria;p__Proteobacteria;c__Alphaproteobacteria;o__Rhodobacterales;f__Rhodobacteraceae;g__HIMB11;s__HIMB11 sp003486095
A11_CKDN240018938_scaffolds.fasta_bin.22	d__Bacteria;p__Proteobacteria;c__Gammaproteobacteria;o__PS1;f__Thioglobaceae;g__VMDI01;s__VMDI01 sp008080915
A11_CKDN240018938_scaffolds.fasta_bin.23	d__Bacteria;p__Bacteroidota;c__Bacteroidia;o__Chitinophagales;f__UBA8649;g__JAFMKE01;s__JAFMKE01 sp017853115
A11_CKDN240018938_scaffolds.fasta_bin.24	d__Bacteria;p__Proteobacteria;c__Gammaproteobacteria;o__Pseudomonadales;f__HTCC2089;g__RGAU01;s__
A11_CKDN240018938_scaffolds.fasta_bin.25	d__Bacteria;p__Bacteroidota;c__Bacteroidia;o__Flavobacteriales;f__Flavobacteriaceae;g__UBA3478;s__UBA3478 sp002381155
A11_CKDN240018938_scaffolds.fasta_bin.26	d__Bacteria;p__Proteobacteria;c__Alphaproteobacteria;o__Rhodobacterales;f__Rhodobacteraceae;g__Planktomarina;s__Planktomarina temperata
A11_CKDN240018938_scaffolds.fasta_bin.27	d__Bacteria;p__Proteobacteria;c__Alphaproteobacteria;o__Rhodobacterales;f__Rhodobacteraceae;g__HIMB11;s__HIMB11 sp009920815
A11_CKDN240018938_scaffolds.fasta_bin.28	d__Bacteria;p__Actinobacteriota;c__Acidimicrobiia;o__Actinomarinales;f__Actinomarinaceae;g__Actinomarina;s__Actinomarina sp014384285
A11_CKDN240018938_scaffolds.fasta_bin.29	d__Bacteria;p__Bacteroidota;c__Bacteroidia;o__Flavobacteriales;f__Flavobacteriaceae;g__MS024-2A;s__MS024-2A sp017852075
A11_CKDN240018938_scaffolds.fasta_bin.3	Unclassified Bacteria
A11_CKDN240018938_scaffolds.fasta_bin.30	d__Bacteria;p__Actinobacteriota;c__Acidimicrobiia;o__Acidimicrobiales;f__Ilumatobacteraceae;g__Casp-actino5;s__Casp-actino5 sp017859785
A11_CKDN240018938_scaffolds.fasta_bin.31	Unclassified Bacteria
A11_CKDN240018938_scaffolds.fasta_bin.32	Unclassified
A11_CKDN240018938_scaffolds.fasta_bin.33	d__Bacteria;p__Bacteroidota;c__Bacteroidia;o__Flavobacteriales;f__Schleiferiaceae;g__UBA10364;s__UBA10364 sp003045825
A11_CKDN240018938_scaffolds.fasta_bin.34	d__Bacteria;p__Proteobacteria;c__Gammaproteobacteria;o__SAR86;f__D2472;g__D2472;s__D2472 sp016779285
A11_CKDN240018938_scaffolds.fasta_bin.35	d__Bacteria;p__Proteobacteria;c__Gammaproteobacteria;o__Pseudomonadales;f__Litoricolaceae;g__HIMB30;s__HIMB30 sp002691485
A11_CKDN240018938_scaffolds.fasta_bin.36	d__Bacteria;p__Proteobacteria;c__Alphaproteobacteria;o__Pelagibacterales;f__Pelagibacteraceae;g__Pelagibacter;s__Pelagibacter sp008638165
A11_CKDN240018938_scaffolds.fasta_bin.37	d__Bacteria;p__Proteobacteria;c__Alphaproteobacteria;o__Pelagibacterales;f__Pelagibacteraceae;g__SYDM01;s__SYDM01 sp008638125
A11_CKDN240018938_scaffolds.fasta_bin.38	d__Bacteria;p__Bacteroidota;c__Bacteroidia;o__NS11-12g;f__UBA955;g__VMCP01;s__VMCP01 sp008081305
A11_CKDN240018938_scaffolds.fasta_bin.39	d__Bacteria;p__Bacteroidota;c__Bacteroidia;o__Flavobacteriales;f__UA16;g__UA16;s__
A11_CKDN240018938_scaffolds.fasta_bin.4	d__Bacteria;p__Bacteroidota;c__Bacteroidia;o__Chitinophagales;f__Saprospiraceae;g__AM-2324;s__
A11_CKDN240018938_scaffolds.fasta_bin.40	d__Bacteria;p__Actinobacteriota;c__Actinomycetia;o__Actinomycetales;f__Microbacteriaceae;g__Aquiluna;s__Aquiluna sp016780945
A11_CKDN240018938_scaffolds.fasta_bin.41	d__Bacteria;p__Bacteroidota;c__Bacteroidia;o__Flavobacteriales;f__Flavobacteriaceae;g__Winogradskyella;s__
A11_CKDN240018938_scaffolds.fasta_bin.42	d__Bacteria;p__Bacteroidota;c__Bacteroidia;o__Flavobacteriales;f__Flavobacteriaceae;g__Polaribacter;s__
A11_CKDN240018938_scaffolds.fasta_bin.43	d__Bacteria;p__Proteobacteria;c__Gammaproteobacteria;o__Chromatiales;f__Sedimenticolaceae;g__VMDJ01;s__VMDJ01 sp008080925
A11_CKDN240018938_scaffolds.fasta_bin.44	Unclassified Bacteria
A11_CKDN240018938_scaffolds.fasta_bin.45	d__Bacteria;p__Proteobacteria;c__Gammaproteobacteria;o__Pseudomonadales;f__Pseudohongiellaceae;g__UBA9145;s__UBA9145 sp003482475
A11_CKDN240018938_scaffolds.fasta_bin.46	d__Bacteria;p__Proteobacteria;c__Gammaproteobacteria;o__Pseudomonadales;f__Pseudohongiellaceae;g__UBA9145;s__
A11_CKDN240018938_scaffolds.fasta_bin.47	Unclassified Bacteria
A11_CKDN240018938_scaffolds.fasta_bin.48	d__Bacteria;p__Bacteroidota;c__Bacteroidia;o__Flavobacteriales;f__Flavobacteriaceae;g__UBA3478;s__UBA3478 sp011525015
A11_CKDN240018938_scaffolds.fasta_bin.49	d__Bacteria;p__Proteobacteria;c__Gammaproteobacteria;o__SAR86;f__D2472;g__SCGC-AAA076-P13;s__SCGC-AAA076-P13 sp000385055
A11_CKDN240018938_scaffolds.fasta_bin.5	Unclassified
A11_CKDN240018938_scaffolds.fasta_bin.6	d__Bacteria;p__Bacteroidota;c__Bacteroidia;o__Flavobacteriales;f__Flavobacteriaceae;g__UBA3478;s__UBA3478 sp003045935
A11_CKDN240018938_scaffolds.fasta_bin.7	d__Bacteria;p__Bacteroidota;c__Bacteroidia;o__Flavobacteriales;f__Flavobacteriaceae;g__MAG-121220-bin8;s__MAG-121220-bin8 sp902559035
A11_CKDN240018938_scaffolds.fasta_bin.8	d__Bacteria;p__Proteobacteria;c__Alphaproteobacteria;o__Pelagibacterales;f__Pelagibacteraceae;g__Pelagibacter;s__Pelagibacter sp017880265
A11_CKDN240018938_scaffolds.fasta_bin.9	d__Bacteria;p__Bacteroidota;c__Bacteroidia;o__Flavobacteriales;f__Flavobacteriaceae;g__BACL21;s__
A12_CKDN240018939_scaffolds.fasta_bin.1	d__Bacteria;p__Bacteroidota;c__Bacteroidia;o__Flavobacteriales;f__Schleiferiaceae;g__UBA10364;s__
A12_CKDN240018939_scaffolds.fasta_bin.10	d__Bacteria;p__Bacteroidota;c__Bacteroidia;o__Flavobacteriales;f__UA16;g__UA16;s__
A12_CKDN240018939_scaffolds.fasta_bin.11	d__Bacteria;p__Proteobacteria;c__Alphaproteobacteria;o__Rickettsiales;f__UBA1997;g__CAJQHK01;s__
A12_CKDN240018939_scaffolds.fasta_bin.12	Unclassified
A12_CKDN240018939_scaffolds.fasta_bin.13	d__Bacteria;p__Proteobacteria;c__Gammaproteobacteria;o__SAR86;f__D2472;g__D2472;s__D2472 sp016779285
A12_CKDN240018939_scaffolds.fasta_bin.14	d__Bacteria;p__Bacteroidota;c__Bacteroidia;o__Flavobacteriales;f__Flavobacteriaceae;g__BACL21;s__
A12_CKDN240018939_scaffolds.fasta_bin.15	d__Bacteria;p__Proteobacteria;c__Alphaproteobacteria;o__Pelagibacterales;f__Pelagibacteraceae;g__Pelagibacter;s__Pelagibacter sp017880265
A12_CKDN240018939_scaffolds.fasta_bin.16	d__Bacteria;p__Bacteroidota;c__Bacteroidia;o__Flavobacteriales;f__Flavobacteriaceae;g__MAG-121220-bin8;s__MAG-121220-bin8 sp902559035
A12_CKDN240018939_scaffolds.fasta_bin.17	d__Bacteria;p__Actinobacteriota;c__Acidimicrobiia;o__Acidimicrobiales;f__Ilumatobacteraceae;g__Casp-actino5;s__Casp-actino5 sp017859785
A12_CKDN240018939_scaffolds.fasta_bin.18	d__Bacteria;p__Actinobacteriota;c__Actinomycetia;o__Actinomycetales;f__Microbacteriaceae;g__Aquiluna;s__Aquiluna sp016780945
A12_CKDN240018939_scaffolds.fasta_bin.19	d__Bacteria;p__Proteobacteria;c__Gammaproteobacteria;o__Pseudomonadales;f__Halieaceae;g__Luminiphilus;s__
A12_CKDN240018939_scaffolds.fasta_bin.2	d__Bacteria;p__Bacteroidota;c__Bacteroidia;o__Flavobacteriales;f__UA16;g__UBA11663;s__
A12_CKDN240018939_scaffolds.fasta_bin.20	d__Bacteria;p__Proteobacteria;c__Gammaproteobacteria;o__Pseudomonadales;f__Pseudohongiellaceae;g__UBA9145;s__UBA9145 sp003482475
A12_CKDN240018939_scaffolds.fasta_bin.21	d__Bacteria;p__Bacteroidota;c__Bacteroidia;o__Chitinophagales;f__UBA8649;g__JAFMKE01;s__JAFMKE01 sp017853115
A12_CKDN240018939_scaffolds.fasta_bin.22	d__Bacteria;p__Bacteroidota;c__Bacteroidia;o__Flavobacteriales;f__Flavobacteriaceae;g__UBA3478;s__UBA3478 sp011525015
A12_CKDN240018939_scaffolds.fasta_bin.23	Unclassified
A12_CKDN240018939_scaffolds.fasta_bin.24	d__Bacteria;p__Proteobacteria;c__Alphaproteobacteria;o__Puniceispirillales;f__Puniceispirillaceae;g__UBA3439;s__UBA3439 sp017859295
A12_CKDN240018939_scaffolds.fasta_bin.25	d__Bacteria;p__Bacteroidota;c__Bacteroidia;o__Flavobacteriales;f__Flavobacteriaceae;g__BACL21;s__BACL21 sp009921505
A12_CKDN240018939_scaffolds.fasta_bin.26	d__Bacteria;p__Proteobacteria;c__Gammaproteobacteria;o__Pseudomonadales;f__HTCC2089;g__RGAU01;s__
A12_CKDN240018939_scaffolds.fasta_bin.27	d__Bacteria;p__Proteobacteria;c__Alphaproteobacteria;o__Rhodobacterales;f__Rhodobacteraceae;g__HIMB11;s__HIMB11 sp003486095
A12_CKDN240018939_scaffolds.fasta_bin.28	d__Bacteria;p__Bacteroidota;c__Bacteroidia;o__Flavobacteriales;f__UA16;g__;s__
A12_CKDN240018939_scaffolds.fasta_bin.29	d__Bacteria;p__Proteobacteria;c__Gammaproteobacteria;o__Burkholderiales;f__Methylophilaceae;g__BACL14;s__BACL14 sp017852315
A12_CKDN240018939_scaffolds.fasta_bin.3	Unclassified Bacteria
A12_CKDN240018939_scaffolds.fasta_bin.30	d__Bacteria;p__Proteobacteria;c__Alphaproteobacteria;o__Rhodobacterales;f__Rhodobacteraceae;g__Lutimaribacter;s__Lutimaribacter sp009924775
A12_CKDN240018939_scaffolds.fasta_bin.31	d__Bacteria;p__Proteobacteria;c__Alphaproteobacteria;o__Pelagibacterales;f__Pelagibacteraceae;g__SYDM01;s__SYDM01 sp008638125
A12_CKDN240018939_scaffolds.fasta_bin.32	d__Bacteria;p__Planctomycetota;c__UBA1135;o__UBA1135;f__GCA-002686595;g__GCA-2686945;s__
A12_CKDN240018939_scaffolds.fasta_bin.33	Unclassified
A12_CKDN240018939_scaffolds.fasta_bin.34	Unclassified Bacteria
A12_CKDN240018939_scaffolds.fasta_bin.35	d__Bacteria;p__Bacteroidota;c__Bacteroidia;o__Flavobacteriales;f__Flavobacteriaceae;g__Winogradskyella;s__
A12_CKDN240018939_scaffolds.fasta_bin.36	d__Bacteria;p__Proteobacteria;c__Gammaproteobacteria;o__Pseudomonadales;f__Pseudohongiellaceae;g__UBA9145;s__UBA9145 sp008081045
A12_CKDN240018939_scaffolds.fasta_bin.37	d__Bacteria;p__Bacteroidota;c__Bacteroidia;o__Flavobacteriales;f__Flavobacteriaceae;g__BACL21;s__
A12_CKDN240018939_scaffolds.fasta_bin.38	d__Bacteria;p__Proteobacteria;c__Alphaproteobacteria;o__Rhodobacterales;f__Rhodobacteraceae;g__HIMB11;s__HIMB11 sp009920815
A12_CKDN240018939_scaffolds.fasta_bin.39	d__Bacteria;p__Proteobacteria;c__Gammaproteobacteria;o__PS1;f__Thioglobaceae;g__VMDI01;s__VMDI01 sp008080915
A12_CKDN240018939_scaffolds.fasta_bin.4	Unclassified Bacteria
A12_CKDN240018939_scaffolds.fasta_bin.40	d__Bacteria;p__Proteobacteria;c__Alphaproteobacteria;o__Pelagibacterales;f__Pelagibacteraceae;g__Pelagibacter;s__Pelagibacter sp008638165
A12_CKDN240018939_scaffolds.fasta_bin.41	d__Bacteria;p__Bacteroidota;c__Bacteroidia;o__Flavobacteriales;f__Flavobacteriaceae;g__MS024-2A;s__MS024-2A sp000173095
A12_CKDN240018939_scaffolds.fasta_bin.42	d__Bacteria;p__Proteobacteria;c__Gammaproteobacteria;o__Burkholderiales;f__Methylophilaceae;g__BACL14;s__BACL14 sp010023085
A12_CKDN240018939_scaffolds.fasta_bin.43	d__Bacteria;p__Bacteroidota;c__Bacteroidia;o__NS11-12g;f__UBA955;g__VMCP01;s__VMCP01 sp008081305
A12_CKDN240018939_scaffolds.fasta_bin.44	d__Bacteria;p__Proteobacteria;c__Gammaproteobacteria;o__SAR86;f__D2472;g__SCGC-AAA076-P13;s__SCGC-AAA076-P13 sp000385055
A12_CKDN240018939_scaffolds.fasta_bin.45	d__Bacteria;p__Bacteroidota;c__Bacteroidia;o__Flavobacteriales;f__Flavobacteriaceae;g__UBA3478;s__UBA3478 sp003045935
A12_CKDN240018939_scaffolds.fasta_bin.46	d__Bacteria;p__Proteobacteria;c__Gammaproteobacteria;o__Pseudomonadales;f__Pseudohongiellaceae;g__UBA9145;s__
A12_CKDN240018939_scaffolds.fasta_bin.47	d__Bacteria;p__Proteobacteria;c__Alphaproteobacteria;o__Puniceispirillales;f__AAA536-G10;g__AAA536-G10;s__
A12_CKDN240018939_scaffolds.fasta_bin.48	Unclassified Bacteria
A12_CKDN240018939_scaffolds.fasta_bin.49	d__Bacteria;p__Bacteroidota;c__Bacteroidia;o__Chitinophagales;f__Saprospiraceae;g__AM-2324;s__
A12_CKDN240018939_scaffolds.fasta_bin.5	Unclassified
A12_CKDN240018939_scaffolds.fasta_bin.50	Unclassified Bacteria
A12_CKDN240018939_scaffolds.fasta_bin.51	Unclassified Bacteria
A12_CKDN240018939_scaffolds.fasta_bin.52	d__Bacteria;p__Proteobacteria;c__Gammaproteobacteria;o__Chromatiales;f__Sedimenticolaceae;g__VMDJ01;s__VMDJ01 sp008080925
A12_CKDN240018939_scaffolds.fasta_bin.53	d__Bacteria;p__Bacteroidota;c__Bacteroidia;o__Flavobacteriales;f__Flavobacteriaceae;g__Polaribacter;s__
A12_CKDN240018939_scaffolds.fasta_bin.54	d__Bacteria;p__Bacteroidota;c__Bacteroidia;o__Flavobacteriales;f__Flavobacteriaceae;g__MS024-2A;s__MS024-2A sp017852075
A12_CKDN240018939_scaffolds.fasta_bin.55	d__Bacteria;p__Proteobacteria;c__Alphaproteobacteria;o__Rhodobacterales;f__Rhodobacteraceae;g__Planktomarina;s__Planktomarina temperata
A12_CKDN240018939_scaffolds.fasta_bin.56	d__Bacteria;p__Proteobacteria;c__Alphaproteobacteria;o__Pelagibacterales;f__Pelagibacteraceae;g__IMCC9063;s__IMCC9063 sp008638015
A12_CKDN240018939_scaffolds.fasta_bin.57	Unclassified
A12_CKDN240018939_scaffolds.fasta_bin.58	d__Bacteria;p__Bacteroidota;c__Bacteroidia;o__Flavobacteriales;f__Flavobacteriaceae;g__MS024-2A;s__MS024-2A sp017851655
A12_CKDN240018939_scaffolds.fasta_bin.59	Unclassified
A12_CKDN240018939_scaffolds.fasta_bin.6	Unclassified
A12_CKDN240018939_scaffolds.fasta_bin.60	d__Bacteria;p__Bacteroidota;c__Bacteroidia;o__Flavobacteriales;f__Flavobacteriaceae;g__UBA3478;s__UBA3478 sp002381155
A12_CKDN240018939_scaffolds.fasta_bin.61	d__Bacteria;p__Bacteroidota;c__Bacteroidia;o__Flavobacteriales;f__Schleiferiaceae;g__UBA10364;s__UBA10364 sp003045825
A12_CKDN240018939_scaffolds.fasta_bin.7	d__Bacteria;p__Proteobacteria;c__Gammaproteobacteria;o__Pseudomonadales;f__Litoricolaceae;g__HIMB30;s__HIMB30 sp002691485
A12_CKDN240018939_scaffolds.fasta_bin.8	d__Bacteria;p__Actinobacteriota;c__Acidimicrobiia;o__Actinomarinales;f__Actinomarinaceae;g__Actinomarina;s__Actinomarina sp014384285
A12_CKDN240018939_scaffolds.fasta_bin.9	d__Bacteria;p__Proteobacteria;c__Alphaproteobacteria;o__Pelagibacterales;f__Pelagibacteraceae;g__Pelagibacter;s__
A13_CKDN240018940_scaffolds.fasta_bin.1	d__Bacteria;p__Proteobacteria;c__Gammaproteobacteria;o__PS1;f__Thioglobaceae;g__VMDI01;s__VMDI01 sp008080915
A13_CKDN240018940_scaffolds.fasta_bin.10	d__Bacteria;p__Proteobacteria;c__Alphaproteobacteria;o__Rhodobacterales;f__Rhodobacteraceae;g__LGRT01;s__LGRT01 sp001642945
A13_CKDN240018940_scaffolds.fasta_bin.11	Unclassified
A13_CKDN240018940_scaffolds.fasta_bin.12	d__Bacteria;p__Bacteroidota;c__Bacteroidia;o__Flavobacteriales;f__Flavobacteriaceae;g__BACL21;s__
A13_CKDN240018940_scaffolds.fasta_bin.13	d__Bacteria;p__Bacteroidota;c__Bacteroidia;o__Flavobacteriales;f__Flavobacteriaceae;g__UBA3478;s__UBA3478 sp011525015
A13_CKDN240018940_scaffolds.fasta_bin.14	d__Bacteria;p__Bacteroidota;c__Bacteroidia;o__Chitinophagales;f__Saprospiraceae;g__AM-2324;s__
A13_CKDN240018940_scaffolds.fasta_bin.15	Unclassified Bacteria
A13_CKDN240018940_scaffolds.fasta_bin.16	d__Bacteria;p__Proteobacteria;c__Alphaproteobacteria;o__Rhodobacterales;f__Rhodobacteraceae;g__LFER01;s__LFER01 sp001510135
A13_CKDN240018940_scaffolds.fasta_bin.17	Unclassified Bacteria
A13_CKDN240018940_scaffolds.fasta_bin.18	d__Bacteria;p__Proteobacteria;c__Gammaproteobacteria;o__SAR86;f__D2472;g__D2472;s__D2472 sp016779285
A13_CKDN240018940_scaffolds.fasta_bin.19	d__Bacteria;p__Actinobacteriota;c__Acidimicrobiia;o__Actinomarinales;f__Actinomarinaceae;g__Actinomarina;s__Actinomarina sp014384285
A13_CKDN240018940_scaffolds.fasta_bin.2	d__Bacteria;p__Proteobacteria;c__Gammaproteobacteria;o__Burkholderiales;f__Methylophilaceae;g__BACL14;s__BACL14 sp010023085
A13_CKDN240018940_scaffolds.fasta_bin.20	d__Bacteria;p__Bacteroidota;c__Bacteroidia;o__Flavobacteriales;f__Flavobacteriaceae;g__UBA3478;s__UBA3478 sp002381155
A13_CKDN240018940_scaffolds.fasta_bin.21	d__Bacteria;p__Actinobacteriota;c__Acidimicrobiia;o__Acidimicrobiales;f__Ilumatobacteraceae;g__Casp-actino5;s__Casp-actino5 sp017859785
A13_CKDN240018940_scaffolds.fasta_bin.22	d__Bacteria;p__Proteobacteria;c__Alphaproteobacteria;o__Puniceispirillales;f__Puniceispirillaceae;g__UBA3439;s__UBA3439 sp017859295
A13_CKDN240018940_scaffolds.fasta_bin.23	d__Bacteria;p__Proteobacteria;c__Gammaproteobacteria;o__Chromatiales;f__Sedimenticolaceae;g__VMDJ01;s__VMDJ01 sp008080925
A13_CKDN240018940_scaffolds.fasta_bin.24	d__Bacteria;p__Proteobacteria;c__Gammaproteobacteria;o__SAR86;f__D2472;g__SCGC-AAA076-P13;s__SCGC-AAA076-P13 sp000385055
A13_CKDN240018940_scaffolds.fasta_bin.25	Unclassified Bacteria
A13_CKDN240018940_scaffolds.fasta_bin.26	d__Bacteria;p__Proteobacteria;c__Gammaproteobacteria;o__Pseudomonadales;f__Pseudohongiellaceae;g__UBA9145;s__UBA9145 sp008081045
A13_CKDN240018940_scaffolds.fasta_bin.27	Unclassified
A13_CKDN240018940_scaffolds.fasta_bin.28	d__Bacteria;p__Proteobacteria;c__Gammaproteobacteria;o__SAR86;f__D2472;g__VMDH01;s__
A13_CKDN240018940_scaffolds.fasta_bin.29	d__Bacteria;p__Bacteroidota;c__Bacteroidia;o__Flavobacteriales;f__Schleiferiaceae;g__UBA10364;s__
A13_CKDN240018940_scaffolds.fasta_bin.3	Unclassified Bacteria
A13_CKDN240018940_scaffolds.fasta_bin.30	d__Bacteria;p__Bacteroidota;c__Bacteroidia;o__Flavobacteriales;f__Flavobacteriaceae;g__BACL21;s__BACL21 sp009921505
A13_CKDN240018940_scaffolds.fasta_bin.31	Unclassified Bacteria
A13_CKDN240018940_scaffolds.fasta_bin.32	d__Bacteria;p__Proteobacteria;c__Alphaproteobacteria;o__Pelagibacterales;f__Pelagibacteraceae;g__Pelagibacter;s__Pelagibacter sp008638165
A13_CKDN240018940_scaffolds.fasta_bin.33	d__Bacteria;p__Proteobacteria;c__Gammaproteobacteria;o__Pseudomonadales;f__Litoricolaceae;g__HIMB30;s__HIMB30 sp002691485
A13_CKDN240018940_scaffolds.fasta_bin.34	d__Bacteria;p__Bacteroidota;c__Bacteroidia;o__Flavobacteriales;f__Flavobacteriaceae;g__MS024-2A;s__MS024-2A sp000173095
A13_CKDN240018940_scaffolds.fasta_bin.35	Unclassified
A13_CKDN240018940_scaffolds.fasta_bin.36	Unclassified Bacteria
A13_CKDN240018940_scaffolds.fasta_bin.37	d__Bacteria;p__Proteobacteria;c__Gammaproteobacteria;o__Pseudomonadales;f__Pseudohongiellaceae;g__UBA9145;s__UBA9145 sp003482475
A13_CKDN240018940_scaffolds.fasta_bin.38	d__Bacteria;p__Actinobacteriota;c__Acidimicrobiia;o__Acidimicrobiales;f__Ilumatobacteraceae;g__Casp-actino5;s__Casp-actino5 sp017859395
A13_CKDN240018940_scaffolds.fasta_bin.39	d__Bacteria;p__Planctomycetota;c__UBA1135;o__UBA1135;f__GCA-002686595;g__GCA-2686945;s__
A13_CKDN240018940_scaffolds.fasta_bin.4	d__Bacteria;p__Actinobacteriota;c__Actinomycetia;o__Actinomycetales;f__Microbacteriaceae;g__Aquiluna;s__Aquiluna sp016780945
A13_CKDN240018940_scaffolds.fasta_bin.40	d__Bacteria;p__Cyanobacteria;c__Cyanobacteriia;o__PCC-6307;f__Cyanobiaceae;g__Vulcanococcus;s__Vulcanococcus sp000179255
A13_CKDN240018940_scaffolds.fasta_bin.41	d__Bacteria;p__Proteobacteria;c__Gammaproteobacteria;o__Pseudomonadales;f__Halieaceae;g__Luminiphilus;s__
A13_CKDN240018940_scaffolds.fasta_bin.42	d__Bacteria;p__SAR324;c__SAR324;o__SAR324;f__NAC60-12;g__JCVI-SCAAA005;s__JCVI-SCAAA005 sp002450295
A13_CKDN240018940_scaffolds.fasta_bin.43	d__Bacteria;p__Bacteroidota;c__Bacteroidia;o__NS11-12g;f__UBA955;g__VMCP01;s__VMCP01 sp008081305
A13_CKDN240018940_scaffolds.fasta_bin.44	d__Bacteria;p__Proteobacteria;c__Alphaproteobacteria;o__Rhodobacterales;f__Rhodobacteraceae;g__Lutimaribacter;s__Lutimaribacter sp009924775
A13_CKDN240018940_scaffolds.fasta_bin.45	d__Bacteria;p__Proteobacteria;c__Alphaproteobacteria;o__Pelagibacterales;f__Pelagibacteraceae;g__SYDM01;s__SYDM01 sp008638125
A13_CKDN240018940_scaffolds.fasta_bin.46	Unclassified
A13_CKDN240018940_scaffolds.fasta_bin.47	d__Bacteria;p__Proteobacteria;c__Gammaproteobacteria;o__Pseudomonadales;f__Halieaceae;g__Luminiphilus;s__Luminiphilus sp008081075
A13_CKDN240018940_scaffolds.fasta_bin.48	d__Bacteria;p__Proteobacteria;c__Alphaproteobacteria;o__Rhodobacterales;f__Rhodobacteraceae;g__HIMB11;s__HIMB11 sp003486095
A13_CKDN240018940_scaffolds.fasta_bin.49	Unclassified Bacteria
A13_CKDN240018940_scaffolds.fasta_bin.5	d__Bacteria;p__Bacteroidota;c__Bacteroidia;o__Flavobacteriales;f__Flavobacteriaceae;g__BACL21;s__
A13_CKDN240018940_scaffolds.fasta_bin.50	d__Bacteria;p__Proteobacteria;c__Alphaproteobacteria;o__Pelagibacterales;f__Pelagibacteraceae;g__Pelagibacter;s__Pelagibacter sp017880265
A13_CKDN240018940_scaffolds.fasta_bin.51	d__Bacteria;p__Proteobacteria;c__Alphaproteobacteria;o__Rhodobacterales;f__Rhodobacteraceae;g__Planktomarina;s__Planktomarina temperata
A13_CKDN240018940_scaffolds.fasta_bin.52	d__Bacteria;p__Bacteroidota;c__Bacteroidia;o__Flavobacteriales;f__Schleiferiaceae;g__UBA10364;s__UBA10364 sp003045825
A13_CKDN240018940_scaffolds.fasta_bin.53	Unclassified Bacteria
A13_CKDN240018940_scaffolds.fasta_bin.54	d__Bacteria;p__Proteobacteria;c__Alphaproteobacteria;o__Rhodobacterales;f__Rhodobacteraceae;g__HIMB11;s__HIMB11 sp009920815
A13_CKDN240018940_scaffolds.fasta_bin.55	d__Bacteria;p__Bacteroidota;c__Bacteroidia;o__Flavobacteriales;f__Flavobacteriaceae;g__MAG-121220-bin8;s__MAG-121220-bin8 sp902559035
A13_CKDN240018940_scaffolds.fasta_bin.56	d__Bacteria;p__Proteobacteria;c__Gammaproteobacteria;o__Burkholderiales;f__Methylophilaceae;g__BACL14;s__BACL14 sp017852315
A13_CKDN240018940_scaffolds.fasta_bin.57	d__Bacteria;p__Bacteroidota;c__Bacteroidia;o__Flavobacteriales;f__Flavobacteriaceae;g__MS024-2A;s__MS024-2A sp017852075
A13_CKDN240018940_scaffolds.fasta_bin.58	Unclassified Bacteria
A13_CKDN240018940_scaffolds.fasta_bin.59	d__Bacteria;p__Proteobacteria;c__Alphaproteobacteria;o__Pelagibacterales;f__Pelagibacteraceae;g__Pelagibacter;s__
A13_CKDN240018940_scaffolds.fasta_bin.6	d__Bacteria;p__Bacteroidota;c__Bacteroidia;o__Flavobacteriales;f__UA16;g__UBA11663;s__
A13_CKDN240018940_scaffolds.fasta_bin.60	d__Bacteria;p__Proteobacteria;c__Gammaproteobacteria;o__Pseudomonadales;f__Pseudohongiellaceae;g__UBA9145;s__
A13_CKDN240018940_scaffolds.fasta_bin.61	Unclassified Bacteria
A13_CKDN240018940_scaffolds.fasta_bin.62	d__Bacteria;p__Bacteroidota;c__Bacteroidia;o__Flavobacteriales;f__UA16;g__;s__
A13_CKDN240018940_scaffolds.fasta_bin.63	d__Bacteria;p__Bacteroidota;c__Bacteroidia;o__Flavobacteriales;f__Crocinitomicaceae;g__Crocinitomix;s__
A13_CKDN240018940_scaffolds.fasta_bin.64	d__Bacteria;p__Bacteroidota;c__Bacteroidia;o__Flavobacteriales;f__Flavobacteriaceae;g__Polaribacter;s__
A13_CKDN240018940_scaffolds.fasta_bin.65	d__Bacteria;p__Proteobacteria;c__Alphaproteobacteria;o__Pelagibacterales;f__Pelagibacteraceae;g__IMCC9063;s__IMCC9063 sp008638015
A13_CKDN240018940_scaffolds.fasta_bin.66	d__Bacteria;p__Bacteroidota;c__Bacteroidia;o__Flavobacteriales;f__UA16;g__UA16;s__
A13_CKDN240018940_scaffolds.fasta_bin.67	d__Bacteria;p__Proteobacteria;c__Alphaproteobacteria;o__Puniceispirillales;f__AAA536-G10;g__AAA536-G10;s__
A13_CKDN240018940_scaffolds.fasta_bin.68	d__Bacteria;p__Bacteroidota;c__Bacteroidia;o__Chitinophagales;f__UBA8649;g__JAFMKE01;s__JAFMKE01 sp017853115
A13_CKDN240018940_scaffolds.fasta_bin.69	Unclassified Bacteria
A13_CKDN240018940_scaffolds.fasta_bin.7	Unclassified
A13_CKDN240018940_scaffolds.fasta_bin.70	d__Bacteria;p__Proteobacteria;c__Alphaproteobacteria;o__Pelagibacterales;f__Pelagibacteraceae;g__Pelagibacter;s__Pelagibacter ubique
A13_CKDN240018940_scaffolds.fasta_bin.8	d__Bacteria;p__Proteobacteria;c__Gammaproteobacteria;o__Pseudomonadales;f__HTCC2089;g__RGAU01;s__
A13_CKDN240018940_scaffolds.fasta_bin.9	d__Bacteria;p__SAR324;c__SAR324;o__SAR324;f__NAC60-12;g__JCVI-SCAAA005;s__JCVI-SCAAA005 sp002450295
A14_CKDN240018941_scaffolds.fasta_bin.1	d__Bacteria;p__Actinobacteriota;c__Acidimicrobiia;o__Acidimicrobiales;f__Ilumatobacteraceae;g__Casp-actino5;s__Casp-actino5 sp017859785
A14_CKDN240018941_scaffolds.fasta_bin.10	Unclassified Bacteria
A14_CKDN240018941_scaffolds.fasta_bin.11	d__Bacteria;p__Proteobacteria;c__Gammaproteobacteria;o__Burkholderiales;f__Methylophilaceae;g__BACL14;s__BACL14 sp010023085
A14_CKDN240018941_scaffolds.fasta_bin.12	d__Bacteria;p__Proteobacteria;c__Gammaproteobacteria;o__SAR86;f__D2472;g__D2472;s__D2472 sp016779285
A14_CKDN240018941_scaffolds.fasta_bin.13	Unclassified
A14_CKDN240018941_scaffolds.fasta_bin.14	Unclassified Bacteria
A14_CKDN240018941_scaffolds.fasta_bin.15	d__Bacteria;p__Bacteroidota;c__Bacteroidia;o__Flavobacteriales;f__Schleiferiaceae;g__UBA10364;s__UBA10364 sp003045825
A14_CKDN240018941_scaffolds.fasta_bin.16	d__Bacteria;p__Proteobacteria;c__Alphaproteobacteria;o__Puniceispirillales;f__Puniceispirillaceae;g__UBA3439;s__UBA3439 sp017859295
A14_CKDN240018941_scaffolds.fasta_bin.17	Unclassified Bacteria
A14_CKDN240018941_scaffolds.fasta_bin.18	d__Bacteria;p__Proteobacteria;c__Gammaproteobacteria;o__Pseudomonadales;f__;g__;s__
A14_CKDN240018941_scaffolds.fasta_bin.19	d__Bacteria;p__Actinobacteriota;c__Acidimicrobiia;o__Actinomarinales;f__Actinomarinaceae;g__Actinomarina;s__Actinomarina sp014384285
A14_CKDN240018941_scaffolds.fasta_bin.2	d__Bacteria;p__Proteobacteria;c__Gammaproteobacteria;o__Pseudomonadales;f__Pseudohongiellaceae;g__UBA9145;s__
A14_CKDN240018941_scaffolds.fasta_bin.20	d__Bacteria;p__Firmicutes;c__Bacilli;o__Mycoplasmatales;f__Hepatoplasmataceae;g__Bg2;s__
A14_CKDN240018941_scaffolds.fasta_bin.21	d__Bacteria;p__Proteobacteria;c__Alphaproteobacteria;o__Pelagibacterales;f__Pelagibacteraceae;g__Pelagibacter;s__
A14_CKDN240018941_scaffolds.fasta_bin.22	d__Bacteria;p__Proteobacteria;c__Alphaproteobacteria;o__Rhodobacterales;f__Rhodobacteraceae;g__Planktomarina;s__Planktomarina temperata
A14_CKDN240018941_scaffolds.fasta_bin.23	Unclassified
A14_CKDN240018941_scaffolds.fasta_bin.24	d__Bacteria;p__Bacteroidota;c__Bacteroidia;o__Flavobacteriales;f__Flavobacteriaceae;g__Polaribacter;s__
A14_CKDN240018941_scaffolds.fasta_bin.25	d__Bacteria;p__Proteobacteria;c__Gammaproteobacteria;o__Pseudomonadales;f__M0112;g__;s__
A14_CKDN240018941_scaffolds.fasta_bin.26	Unclassified Bacteria
A14_CKDN240018941_scaffolds.fasta_bin.27	d__Bacteria;p__Proteobacteria;c__Gammaproteobacteria;o__Pseudomonadales;f__Halieaceae;g__Halioglobus;s__
A14_CKDN240018941_scaffolds.fasta_bin.28	d__Bacteria;p__Cyanobacteria;c__Cyanobacteriia;o__;f__;g__;s__
A14_CKDN240018941_scaffolds.fasta_bin.29	Unclassified
A14_CKDN240018941_scaffolds.fasta_bin.3	d__Bacteria;p__Proteobacteria;c__Gammaproteobacteria;o__SAR86;f__D2472;g__SCGC-AAA076-P13;s__SCGC-AAA076-P13 sp000385055
A14_CKDN240018941_scaffolds.fasta_bin.30	d__Bacteria;p__Proteobacteria;c__Alphaproteobacteria;o__Pelagibacterales;f__Pelagibacteraceae;g__Pelagibacter;s__Pelagibacter sp008638165
A14_CKDN240018941_scaffolds.fasta_bin.31	d__Bacteria;p__Proteobacteria;c__Gammaproteobacteria;o__Arenicellales;f__LS-SOB;g__VYFG01;s__
A14_CKDN240018941_scaffolds.fasta_bin.32	d__Bacteria;p__Proteobacteria;c__Gammaproteobacteria;o__Competibacterales;f__;g__;s__
A14_CKDN240018941_scaffolds.fasta_bin.33	d__Bacteria;p__Bacteroidota;c__Bacteroidia;o__Flavobacteriales;f__Flavobacteriaceae;g__QNYL01;s__
A14_CKDN240018941_scaffolds.fasta_bin.34	d__Bacteria;p__Proteobacteria;c__Gammaproteobacteria;o__Woeseiales;f__Woeseiaceae;g__UBA1844;s__
A14_CKDN240018941_scaffolds.fasta_bin.35	Unclassified
A14_CKDN240018941_scaffolds.fasta_bin.36	d__Bacteria;p__Nitrospirota;c__Nitrospiria;o__Nitrospirales;f__Nitrospiraceae;g__Nitrospira_F;s__
A14_CKDN240018941_scaffolds.fasta_bin.37	d__Bacteria;p__Bacteroidota;c__Bacteroidia;o__Flavobacteriales;f__Flavobacteriaceae;g__BACL21;s__
A14_CKDN240018941_scaffolds.fasta_bin.38	Unclassified
A14_CKDN240018941_scaffolds.fasta_bin.39	Unclassified Bacteria
A14_CKDN240018941_scaffolds.fasta_bin.4	Unclassified Bacteria
A14_CKDN240018941_scaffolds.fasta_bin.40	Unclassified Bacteria
A14_CKDN240018941_scaffolds.fasta_bin.41	d__Bacteria;p__Proteobacteria;c__Alphaproteobacteria;o__Pelagibacterales;f__Pelagibacteraceae;g__Pelagibacter;s__Pelagibacter sp017880265
A14_CKDN240018941_scaffolds.fasta_bin.42	d__Bacteria;p__Bacteroidota;c__Bacteroidia;o__Flavobacteriales;f__Flavobacteriaceae;g__MS024-2A;s__MS024-2A sp000173095
A14_CKDN240018941_scaffolds.fasta_bin.43	d__Bacteria;p__Proteobacteria;c__Gammaproteobacteria;o__BM003;f__BM003;g__BM003;s__BM003 sp002868855
A14_CKDN240018941_scaffolds.fasta_bin.44	Unclassified Bacteria
A14_CKDN240018941_scaffolds.fasta_bin.45	d__Bacteria;p__Proteobacteria;c__Alphaproteobacteria;o__Rhodobacterales;f__Rhodobacteraceae;g__HIMB11;s__HIMB11 sp009920815
A14_CKDN240018941_scaffolds.fasta_bin.46	d__Bacteria;p__Proteobacteria;c__Gammaproteobacteria;o__Pseudomonadales;f__Litoricolaceae;g__HIMB30;s__HIMB30 sp002691485
A14_CKDN240018941_scaffolds.fasta_bin.47	d__Bacteria;p__Actinobacteriota;c__Actinomycetia;o__Actinomycetales;f__Microbacteriaceae;g__Aquiluna;s__Aquiluna sp016780945
A14_CKDN240018941_scaffolds.fasta_bin.48	d__Bacteria;p__Proteobacteria;c__Alphaproteobacteria;o__Pelagibacterales;f__Pelagibacteraceae;g__SYDM01;s__SYDM01 sp008638125
A14_CKDN240018941_scaffolds.fasta_bin.49	Unclassified
A14_CKDN240018941_scaffolds.fasta_bin.5	d__Bacteria;p__Proteobacteria;c__Gammaproteobacteria;o__Burkholderiales;f__Methylophilaceae;g__BACL14;s__BACL14 sp017852315
A14_CKDN240018941_scaffolds.fasta_bin.50	Unclassified Bacteria
A14_CKDN240018941_scaffolds.fasta_bin.51	d__Bacteria;p__Proteobacteria;c__Alphaproteobacteria;o__Rhodobacterales;f__Rhodobacteraceae;g__HIMB11;s__HIMB11 sp003486095
A14_CKDN240018941_scaffolds.fasta_bin.52	d__Bacteria;p__Bacteroidota;c__Bacteroidia;o__Flavobacteriales;f__Schleiferiaceae;g__UBA10364;s__
A14_CKDN240018941_scaffolds.fasta_bin.53	d__Bacteria;p__Proteobacteria;c__Gammaproteobacteria;o__Burkholderiales;f__Nitrosomonadaceae;g__Nitrosomonas;s__
A14_CKDN240018941_scaffolds.fasta_bin.54	d__Bacteria;p__Proteobacteria;c__Gammaproteobacteria;o__Arenicellales;f__BMS3Bbin11;g__BMS3Bbin11;s__
A14_CKDN240018941_scaffolds.fasta_bin.55	d__Bacteria;p__Bacteroidota;c__Bacteroidia;o__Flavobacteriales;f__Flavobacteriaceae;g__MS024-2A;s__MS024-2A sp017852075
A14_CKDN240018941_scaffolds.fasta_bin.56	d__Bacteria;p__Bacteroidota;c__Bacteroidia;o__Flavobacteriales;f__Flavobacteriaceae;g__BACL21;s__BACL21 sp009921505
A14_CKDN240018941_scaffolds.fasta_bin.57	Unclassified Bacteria
A14_CKDN240018941_scaffolds.fasta_bin.58	Unclassified Bacteria
A14_CKDN240018941_scaffolds.fasta_bin.7	d__Bacteria;p__Desulfobacterota;c__Desulfobulbia;o__Desulfobulbales;f__Desulfocapsaceae;g__JABDQA01;s__JABDQA01 sp905479735
A14_CKDN240018941_scaffolds.fasta_bin.8	d__Bacteria;p__Bacteroidota;c__Bacteroidia;o__Flavobacteriales;f__Flavobacteriaceae;g__UBA3478;s__
A14_CKDN240018941_scaffolds.fasta_bin.9	d__Bacteria;p__Proteobacteria;c__Gammaproteobacteria;o__PS1;f__Thioglobaceae;g__VMDI01;s__VMDI01 sp008080915
A15_CKDN240018942_scaffolds.fasta_bin.1	d__Bacteria;p__Proteobacteria;c__Alphaproteobacteria;o__SMXQ01;f__SMXQ01;g__WHSO01;s__
A15_CKDN240018942_scaffolds.fasta_bin.10	Unclassified Bacteria
A15_CKDN240018942_scaffolds.fasta_bin.11	d__Bacteria;p__Bacteroidota;c__Bacteroidia;o__Flavobacteriales;f__UBA10329;g__;s__
A15_CKDN240018942_scaffolds.fasta_bin.12	d__Bacteria;p__Proteobacteria;c__Alphaproteobacteria;o__Rhodobacterales;f__Rhodobacteraceae;g__Nioella;s__Nioella ostreopsis
A15_CKDN240018942_scaffolds.fasta_bin.13	Unclassified
A15_CKDN240018942_scaffolds.fasta_bin.14	Unclassified Bacteria
A15_CKDN240018942_scaffolds.fasta_bin.15	d__Bacteria;p__Latescibacterota;c__UBA2968;o__UBA2968;f__UBA2968;g__JABIFK01;s__
A15_CKDN240018942_scaffolds.fasta_bin.16	d__Bacteria;p__Desulfobacterota_B;c__Binatia;o__UBA1149;f__UBA1149;g__;s__
A15_CKDN240018942_scaffolds.fasta_bin.17	d__Bacteria;p__Planctomycetota;c__Phycisphaerae;o__Phycisphaerales;f__Phycisphaeraceae;g__;s__
A15_CKDN240018942_scaffolds.fasta_bin.18	d__Bacteria;p__Bacteroidota;c__Bacteroidia;o__Flavobacteriales;f__Flavobacteriaceae;g__Polaribacter_A;s__
A15_CKDN240018942_scaffolds.fasta_bin.19	d__Bacteria;p__Proteobacteria;c__Gammaproteobacteria;o__Pseudomonadales;f__Pseudohongiellaceae;g__UBA5109;s__
A15_CKDN240018942_scaffolds.fasta_bin.2	d__Bacteria;p__Bacteroidota;c__Bacteroidia;o__Flavobacteriales;f__Flavobacteriaceae;g__;s__
A15_CKDN240018942_scaffolds.fasta_bin.20	d__Bacteria;p__Planctomycetota;c__Phycisphaerae;o__Phycisphaerales;f__Phycisphaeraceae;g__;s__
A15_CKDN240018942_scaffolds.fasta_bin.21	d__Bacteria;p__Proteobacteria;c__Gammaproteobacteria;o__Nevskiales;f__Oceanococcaceae;g__MS8;s__
A15_CKDN240018942_scaffolds.fasta_bin.22	d__Bacteria;p__Proteobacteria;c__Alphaproteobacteria;o__Sphingomonadales;f__Sphingomonadaceae;g__Qipengyuania;s__Qipengyuania flava
A15_CKDN240018942_scaffolds.fasta_bin.23	d__Bacteria;p__Planctomycetota;c__Phycisphaerae;o__Phycisphaerales;f__Zrk34;g__;s__
A15_CKDN240018942_scaffolds.fasta_bin.24	d__Bacteria;p__Proteobacteria;c__Alphaproteobacteria;o__Rhodospirillales;f__Casp-alpha2;g__;s__
A15_CKDN240018942_scaffolds.fasta_bin.25	d__Bacteria;p__Proteobacteria;c__Alphaproteobacteria;o__Sphingomonadales;f__Emcibacteraceae;g__UBA4441;s__
A15_CKDN240018942_scaffolds.fasta_bin.26	d__Bacteria;p__Bacteroidota;c__Bacteroidia;o__Flavobacteriales;f__UBA10329;g__;s__
A15_CKDN240018942_scaffolds.fasta_bin.27	d__Bacteria;p__Bacteroidota;c__Rhodothermia;o__Rhodothermales;f__UBA10348;g__UBA10348;s__
A15_CKDN240018942_scaffolds.fasta_bin.28	d__Bacteria;p__Planctomycetota;c__Phycisphaerae;o__Phycisphaerales;f__Phycisphaeraceae;g__;s__
A15_CKDN240018942_scaffolds.fasta_bin.29	d__Bacteria;p__Planctomycetota;c__Phycisphaerae;o__Phycisphaerales;f__Phycisphaeraceae;g__;s__
A15_CKDN240018942_scaffolds.fasta_bin.3	d__Bacteria;p__Proteobacteria;c__Alphaproteobacteria;o__Thalassobaculales;f__Thalassobaculaceae;g__JADHLJ01;s__
A15_CKDN240018942_scaffolds.fasta_bin.30	Unclassified Bacteria
A15_CKDN240018942_scaffolds.fasta_bin.31	d__Bacteria;p__Planctomycetota;c__Phycisphaerae;o__Phycisphaerales;f__Zrk34;g__;s__
A15_CKDN240018942_scaffolds.fasta_bin.32	d__Bacteria;p__Proteobacteria;c__Gammaproteobacteria;o__Pseudomonadales;f__Pseudohongiellaceae;g__UBA9145;s__
A15_CKDN240018942_scaffolds.fasta_bin.33	d__Bacteria;p__Planctomycetota;c__UBA8108;o__UBA1146;f__UBA1146;g__JAFMMO01;s__
A15_CKDN240018942_scaffolds.fasta_bin.34	d__Bacteria;p__Proteobacteria;c__Alphaproteobacteria;o__Parvibaculales;f__CGMCC-115125;g__Pyruvatibacter;s__
A15_CKDN240018942_scaffolds.fasta_bin.35	d__Bacteria;p__Bacteroidota;c__Rhodothermia;o__Rhodothermales;f__UBA10348;g__JABDJZ01;s__
A15_CKDN240018942_scaffolds.fasta_bin.36	Unclassified Bacteria
A15_CKDN240018942_scaffolds.fasta_bin.37	d__Bacteria;p__Proteobacteria;c__Gammaproteobacteria;o__Burkholderiales;f__UBA3031;g__;s__
A15_CKDN240018942_scaffolds.fasta_bin.38	Unclassified Bacteria
A15_CKDN240018942_scaffolds.fasta_bin.39	d__Bacteria;p__Planctomycetota;c__Planctomycetia;o__Planctomycetales;f__Planctomycetaceae;g__Gimesia;s__
A15_CKDN240018942_scaffolds.fasta_bin.4	d__Bacteria;p__Proteobacteria;c__Gammaproteobacteria;o__Nevskiales;f__Oceanococcaceae;g__MS8;s__
A15_CKDN240018942_scaffolds.fasta_bin.40	d__Bacteria;p__Gemmatimonadota;c__Gemmatimonadetes;o__Longimicrobiales;f__UBA6960;g__UBA2589;s__
A15_CKDN240018942_scaffolds.fasta_bin.41	d__Bacteria;p__Actinobacteriota;c__Actinomycetia;o__Propionibacteriales;f__Nocardioidaceae;g__Nocardioides;s__Nocardioides sp001627335
A15_CKDN240018942_scaffolds.fasta_bin.42	d__Bacteria;p__Bacteroidota;c__Rhodothermia;o__Rhodothermales;f__UBA10348;g__JABDJZ01;s__
A15_CKDN240018942_scaffolds.fasta_bin.43	d__Bacteria;p__Actinobacteriota;c__Acidimicrobiia;o__Acidimicrobiales;f__JACDCH01;g__;s__
A15_CKDN240018942_scaffolds.fasta_bin.44	Unclassified
A15_CKDN240018942_scaffolds.fasta_bin.45	d__Bacteria;p__Proteobacteria;c__Alphaproteobacteria;o__MPNO01;f__UBA2964;g__WLWZ01;s__
A15_CKDN240018942_scaffolds.fasta_bin.46	d__Bacteria;p__Bacteroidota;c__Bacteroidia;o__Chitinophagales;f__Saprospiraceae;g__AM-2324;s__
A15_CKDN240018942_scaffolds.fasta_bin.47	d__Bacteria;p__Planctomycetota;c__Phycisphaerae;o__Phycisphaerales;f__Zrk34;g__;s__
A15_CKDN240018942_scaffolds.fasta_bin.48	d__Bacteria;p__Chlamydiota;c__Chlamydiia;o__JAAKFQ01;f__;g__;s__
A15_CKDN240018942_scaffolds.fasta_bin.49	d__Bacteria;p__Planctomycetota;c__Planctomycetia;o__Pirellulales;f__UBA7805;g__MB-PLM-2;s__
A15_CKDN240018942_scaffolds.fasta_bin.5	d__Bacteria;p__Proteobacteria;c__Gammaproteobacteria;o__Burkholderiales;f__Methylophilaceae;g__BACL14;s__BACL14 sp017852315
A15_CKDN240018942_scaffolds.fasta_bin.50	d__Bacteria;p__Proteobacteria;c__Alphaproteobacteria;o__UBA8366;f__GCA-2696645;g__;s__
A15_CKDN240018942_scaffolds.fasta_bin.51	d__Bacteria;p__Proteobacteria;c__Alphaproteobacteria;o__UBA8366;f__GCA-2696645;g__GCA-2696645;s__
A15_CKDN240018942_scaffolds.fasta_bin.52	d__Bacteria;p__Proteobacteria;c__Alphaproteobacteria;o__Rhodobacterales;f__Rhodobacteraceae;g__Marivita;s__
A15_CKDN240018942_scaffolds.fasta_bin.53	Unclassified Bacteria
A15_CKDN240018942_scaffolds.fasta_bin.54	d__Bacteria;p__Planctomycetota;c__Planctomycetia;o__Planctomycetales;f__Planctomycetaceae;g__Gimesia;s__
A15_CKDN240018942_scaffolds.fasta_bin.55	d__Bacteria;p__Proteobacteria;c__Alphaproteobacteria;o__JACQOE01;f__JACQOE01;g__;s__
A15_CKDN240018942_scaffolds.fasta_bin.56	d__Bacteria;p__Planctomycetota;c__Phycisphaerae;o__Phycisphaerales;f__Phycisphaeraceae;g__;s__
A15_CKDN240018942_scaffolds.fasta_bin.57	d__Bacteria;p__Proteobacteria;c__Gammaproteobacteria;o__Nevskiales;f__Oceanococcaceae;g__MS8;s__
A15_CKDN240018942_scaffolds.fasta_bin.58	d__Bacteria;p__Proteobacteria;c__Gammaproteobacteria;o__Nevskiales;f__Oceanococcaceae;g__MS8;s__
A15_CKDN240018942_scaffolds.fasta_bin.59	Unclassified Bacteria
A15_CKDN240018942_scaffolds.fasta_bin.6	d__Bacteria;p__Proteobacteria;c__Alphaproteobacteria;o__Minwuiales;f__Minwuiaceae;g__Minwuia;s__Minwuia sp016865035
A15_CKDN240018942_scaffolds.fasta_bin.60	d__Bacteria;p__Desulfobacterota_B;c__Binatia;o__UBA1149;f__UBA1149;g__;s__
A15_CKDN240018942_scaffolds.fasta_bin.61	d__Bacteria;p__Proteobacteria;c__Alphaproteobacteria;o__;f__;g__;s__
A15_CKDN240018942_scaffolds.fasta_bin.62	d__Bacteria;p__Gemmatimonadota;c__Gemmatimonadetes;o__Longimicrobiales;f__UBA6960;g__IDS-52;s__
A15_CKDN240018942_scaffolds.fasta_bin.63	Unclassified Bacteria
A15_CKDN240018942_scaffolds.fasta_bin.64	d__Bacteria;p__Proteobacteria;c__Gammaproteobacteria;o__Pseudomonadales;f__HTCC2089;g__RGAU01;s__
A15_CKDN240018942_scaffolds.fasta_bin.65	d__Bacteria;p__Proteobacteria;c__Alphaproteobacteria;o__SPJN01;f__SPJN01;g__SPJN01;s__
A15_CKDN240018942_scaffolds.fasta_bin.66	d__Bacteria;p__Verrucomicrobiota;c__Lentisphaeria;o__Lentisphaerales;f__Lentisphaeraceae;g__;s__
A15_CKDN240018942_scaffolds.fasta_bin.67	d__Bacteria;p__Bacteroidota;c__Bacteroidia;o__Flavobacteriales;f__Vicingaceae;g__UBA1494;s__
A15_CKDN240018942_scaffolds.fasta_bin.68	Unclassified Bacteria
A15_CKDN240018942_scaffolds.fasta_bin.69	Unclassified Bacteria
A15_CKDN240018942_scaffolds.fasta_bin.7	Unclassified
A15_CKDN240018942_scaffolds.fasta_bin.70	d__Bacteria;p__Proteobacteria;c__Alphaproteobacteria;o__Rhodospirillales;f__UBA2165;g__;s__
A15_CKDN240018942_scaffolds.fasta_bin.71	d__Bacteria;p__Proteobacteria;c__Alphaproteobacteria;o__Rhodospirillales;f__Casp-alpha2;g__TMED8;s__
A15_CKDN240018942_scaffolds.fasta_bin.72	d__Bacteria;p__Proteobacteria;c__Alphaproteobacteria;o__Rhodobacterales;f__Rhodobacteraceae;g__M30B80;s__M30B80 sp015693905
A15_CKDN240018942_scaffolds.fasta_bin.73	d__Bacteria;p__Proteobacteria;c__Alphaproteobacteria;o__CADEGL01;f__CADEGL01;g__JABIRQ01;s__
A15_CKDN240018942_scaffolds.fasta_bin.74	d__Bacteria;p__Proteobacteria;c__Alphaproteobacteria;o__Parvibaculales;f__Parvibaculaceae;g__Mf105b01;s__Mf105b01 sp002715765
A15_CKDN240018942_scaffolds.fasta_bin.75	d__Bacteria;p__Proteobacteria;c__Gammaproteobacteria;o__Pseudomonadales;f__Pseudohongiellaceae;g__UBA9145;s__
A15_CKDN240018942_scaffolds.fasta_bin.76	d__Bacteria;p__Planctomycetota;c__Planctomycetia;o__Pirellulales;f__Pirellulaceae;g__;s__
A15_CKDN240018942_scaffolds.fasta_bin.77	d__Bacteria;p__Planctomycetota;c__Planctomycetia;o__Planctomycetales;f__Planctomycetaceae;g__;s__
A15_CKDN240018942_scaffolds.fasta_bin.78	d__Bacteria;p__Proteobacteria;c__Alphaproteobacteria;o__Parvibaculales;f__Parvibaculaceae;g__Mf105b01;s__
A15_CKDN240018942_scaffolds.fasta_bin.79	d__Bacteria;p__Proteobacteria;c__Alphaproteobacteria;o__SHVP01;f__SHVP01;g__;s__
A15_CKDN240018942_scaffolds.fasta_bin.8	Unclassified Bacteria
A15_CKDN240018942_scaffolds.fasta_bin.80	d__Bacteria;p__Proteobacteria;c__Alphaproteobacteria;o__SP197;f__SP197;g__;s__
A15_CKDN240018942_scaffolds.fasta_bin.81	d__Bacteria;p__Proteobacteria;c__Alphaproteobacteria;o__UBA6615;f__UBA6615;g__JABJAG01;s__
A15_CKDN240018942_scaffolds.fasta_bin.82	d__Bacteria;p__Planctomycetota;c__Phycisphaerae;o__Phycisphaerales;f__UBA1924;g__UBA1924;s__
A15_CKDN240018942_scaffolds.fasta_bin.83	Unclassified Bacteria
A15_CKDN240018942_scaffolds.fasta_bin.84	d__Bacteria;p__Proteobacteria;c__Gammaproteobacteria;o__Nevskiales;f__Oceanococcaceae;g__Oceanococcus;s__
A15_CKDN240018942_scaffolds.fasta_bin.85	d__Bacteria;p__Proteobacteria;c__Alphaproteobacteria;o__SMXS01;f__SMXS01;g__SMXS01;s__
A15_CKDN240018942_scaffolds.fasta_bin.86	d__Bacteria;p__Proteobacteria;c__Gammaproteobacteria;o__Nevskiales;f__Oceanococcaceae;g__MS8;s__
A15_CKDN240018942_scaffolds.fasta_bin.87	d__Bacteria;p__Planctomycetota;c__Planctomycetia;o__Planctomycetales;f__Planctomycetaceae;g__Rubinisphaera;s__
A15_CKDN240018942_scaffolds.fasta_bin.88	d__Bacteria;p__Planctomycetota;c__Planctomycetia;o__Planctomycetales;f__Planctomycetaceae;g__JABMPE01;s__JABMPE01 sp016779365
A15_CKDN240018942_scaffolds.fasta_bin.89	d__Bacteria;p__Proteobacteria;c__Alphaproteobacteria;o__UBA6615;f__UBA6615;g__JABJAG01;s__
A15_CKDN240018942_scaffolds.fasta_bin.9	d__Bacteria;p__Proteobacteria;c__Gammaproteobacteria;o__Ga0077536;f__Ga0077536;g__;s__
A15_CKDN240018942_scaffolds.fasta_bin.90	d__Bacteria;p__Planctomycetota;c__Phycisphaerae;o__Phycisphaerales;f__;g__;s__
