Name	Completeness	Contamination	Completeness_Model_Used	Translation_Table_Used	Coding_Density	Contig_N50	Average_Gene_Length	Genome_Size	GC_Content	Total_Coding_Sequences	Additional_Notes
A01_CKDN240018928_scaffolds.fasta_bin.18	71.35	13.73	Gradient Boost (General Model)	11	0.895	5810	269.1246780010304	1745469	0.34	1941	None
A01_CKDN240018928_scaffolds.fasta_bin.23	59.17	0.67	Gradient Boost (General Model)	11	0.96	3421	248.42933333333335	580346	0.55	750	None
A01_CKDN240018928_scaffolds.fasta_bin.32	10.34	0.16	Neural Network (Specific Model)	11	0.908	8979	269.38702928870293	424655	0.34	478	None
A01_CKDN240018928_scaffolds.fasta_bin.36	54.97	0.9	Gradient Boost (General Model)	11	0.955	3325	244.3755420641804	880707	0.51	1153	None
A01_CKDN240018928_scaffolds.fasta_bin.39	92.87	0.02	Neural Network (Specific Model)	11	0.917	35178	296.3145645645646	2577742	0.53	2664	None
A01_CKDN240018928_scaffolds.fasta_bin.46	7.93	0.01	Neural Network (Specific Model)	11	0.949	3125	286.56447688564475	371040	0.57	411	None
A01_CKDN240018928_scaffolds.fasta_bin.7	79.74	1.02	Gradient Boost (General Model)	11	0.937	7858	354.07519400588706	4226446	0.68	3737	None
A01_CKDN240018928_scaffolds.fasta_bin.9	22.45	1.25	Neural Network (Specific Model)	11	0.875	2655	249.91798797156918	1560256	0.52	1829	None
A02_CKDN240018929_scaffolds.fasta_bin.11	77.65	1.02	Neural Network (Specific Model)	11	0.909	7270	306.83121993878444	2313123	0.52	2287	None
A02_CKDN240018929_scaffolds.fasta_bin.16	51.89	0.78	Gradient Boost (General Model)	11	0.912	4071	285.03688760806915	1623638	0.54	1735	None
A02_CKDN240018929_scaffolds.fasta_bin.17	87.77	0.57	Neural Network (Specific Model)	11	0.949	9904	285.98766383962993	1169301	0.54	1297	None
A02_CKDN240018929_scaffolds.fasta_bin.20	27.23	1.12	Neural Network (Specific Model)	11	0.939	4983	264.09122006841505	737743	0.31	877	None
A02_CKDN240018929_scaffolds.fasta_bin.34	90.06	0.54	Gradient Boost (General Model)	11	0.953	15237	330.50734861845973	1764350	0.45	1701	None
A02_CKDN240018929_scaffolds.fasta_bin.35	8.23	0.0	Neural Network (Specific Model)	11	0.929	3377	279.9875	288645	0.4	320	None
A02_CKDN240018929_scaffolds.fasta_bin.42	96.82	0.09	Neural Network (Specific Model)	11	0.956	55008	305.12754303599377	1219872	0.35	1278	None
A02_CKDN240018929_scaffolds.fasta_bin.44	93.9	1.04	Neural Network (Specific Model)	11	0.933	25881	333.10349716446126	2261060	0.41	2116	None
A02_CKDN240018929_scaffolds.fasta_bin.47	21.82	0.02	Neural Network (Specific Model)	11	0.941	2605	254.65457685664938	468727	0.38	579	None
A02_CKDN240018929_scaffolds.fasta_bin.50	4.62	0.1	Neural Network (Specific Model)	11	0.571	6062	142.21374045801528	584109	0.49	786	None
A02_CKDN240018929_scaffolds.fasta_bin.52	13.16	0.6	Neural Network (Specific Model)	11	0.951	8574	266.04489164086687	539167	0.4	646	None
A02_CKDN240018929_scaffolds.fasta_bin.57	56.19	13.61	Gradient Boost (General Model)	11	0.948	2879	287.7508813160987	1546074	0.4	1702	None
A02_CKDN240018929_scaffolds.fasta_bin.66	64.05	3.57	Gradient Boost (General Model)	11	0.889	4480	266.80407701019254	792743	0.37	883	None
A02_CKDN240018929_scaffolds.fasta_bin.70	89.43	20.97	Gradient Boost (General Model)	11	0.951	7624	296.8093806374023	3106029	0.65	3326	None
A02_CKDN240018929_scaffolds.fasta_bin.77	20.37	8.95	Neural Network (Specific Model)	11	0.922	6803	217.89082384460818	1050489	0.43	1493	None
A02_CKDN240018929_scaffolds.fasta_bin.79	4.42	0.0	Neural Network (Specific Model)	11	0.748	10860	304.39130434782606	224109	0.29	184	None
A03_CKDN240018930_scaffolds.fasta_bin.13	78.63	5.67	Gradient Boost (General Model)	11	0.943	4534	318.1454707719768	2261231	0.58	2241	None
A03_CKDN240018930_scaffolds.fasta_bin.16	83.58	2.28	Gradient Boost (General Model)	11	0.897	5347	278.03723404255317	1746043	0.51	1880	None
A03_CKDN240018930_scaffolds.fasta_bin.19	98.15	0.89	Gradient Boost (General Model)	11	0.951	17690	300.6210919272049	2026158	0.66	2143	None
A03_CKDN240018930_scaffolds.fasta_bin.25	10.88	0.03	Neural Network (Specific Model)	11	0.899	4482	263.90751445086704	304335	0.23	346	None
A03_CKDN240018930_scaffolds.fasta_bin.29	82.3	0.86	Neural Network (Specific Model)	11	0.941	8408	263.75315315315316	930317	0.37	1110	None
A03_CKDN240018930_scaffolds.fasta_bin.31	97.5	2.18	Gradient Boost (General Model)	11	0.928	71506	377.01407107083236	5101129	0.55	4193	None
A03_CKDN240018930_scaffolds.fasta_bin.34	45.97	0.11	Neural Network (Specific Model)	11	0.945	3499	273.7585345545379	1041020	0.37	1201	None
A03_CKDN240018930_scaffolds.fasta_bin.36	90.07	0.03	Gradient Boost (General Model)	11	0.914	83541	385.426983636925	4090647	0.72	3239	None
A03_CKDN240018930_scaffolds.fasta_bin.38	9.66	0.09	Neural Network (Specific Model)	11	0.858	17294	291.63134657836645	460308	0.41	453	None
A03_CKDN240018930_scaffolds.fasta_bin.39	97.54	1.11	Gradient Boost (General Model)	11	0.923	47467	316.50524109014674	3424461	0.35	3339	None
A03_CKDN240018930_scaffolds.fasta_bin.42	96.05	1.08	Gradient Boost (General Model)	11	0.936	46256	377.0508474576271	3418976	0.49	2832	None
A03_CKDN240018930_scaffolds.fasta_bin.46	58.32	2.69	Gradient Boost (General Model)	11	0.91	4177	267.0954400848356	1656984	0.66	1886	None
A03_CKDN240018930_scaffolds.fasta_bin.55	42.69	0.84	Neural Network (Specific Model)	11	0.945	3603	252.06222222222223	717845	0.57	900	None
A03_CKDN240018930_scaffolds.fasta_bin.56	37.46	0.59	Neural Network (Specific Model)	11	0.924	3073	269.1644880174292	800754	0.39	918	None
A03_CKDN240018930_scaffolds.fasta_bin.61	9.01	0.0	Neural Network (Specific Model)	11	0.912	15188	253.8041958041958	356158	0.51	429	None
A03_CKDN240018930_scaffolds.fasta_bin.62	1.96	4.09	Neural Network (Specific Model)	4	0.774	26488	275.8417366946779	758438	0.46	714	None
A03_CKDN240018930_scaffolds.fasta_bin.66	6.48	0.0	Neural Network (Specific Model)	11	0.909	15027	272.1224489795918	263600	0.4	294	None
A03_CKDN240018930_scaffolds.fasta_bin.67	69.54	2.88	Gradient Boost (General Model)	11	0.952	4919	298.83926453143533	1583064	0.46	1686	None
A03_CKDN240018930_scaffolds.fasta_bin.69	44.64	0.0	Neural Network (Specific Model)	11	0.94	3529	259.5887961859356	1384725	0.63	1678	None
A03_CKDN240018930_scaffolds.fasta_bin.70	7.01	0.02	Neural Network (Specific Model)	11	0.803	31958	324.50607287449395	298692	0.5	247	None
A03_CKDN240018930_scaffolds.fasta_bin.72	23.37	0.15	Neural Network (Specific Model)	11	0.947	3191	288.1512605042017	650415	0.44	714	None
A03_CKDN240018930_scaffolds.fasta_bin.75	16.22	0.07	Neural Network (Specific Model)	11	0.925	2635	251.7456896551724	377862	0.54	464	None
A03_CKDN240018930_scaffolds.fasta_bin.82	34.26	25.33	Gradient Boost (General Model)	4	0.853	2736	227.60695074040495	13114364	0.56	16545	Low confidence prediction - substantial (34%) disagreement between completeness prediction models
A03_CKDN240018930_scaffolds.fasta_bin.83	4.06	0.01	Neural Network (Specific Model)	11	0.781	4089	193.50134048257374	274564	0.42	373	None
A04_CKDN240018931_scaffolds.fasta_bin.1	89.65	0.77	Neural Network (Specific Model)	11	0.928	15629	259.9595107549557	1986647	0.65	2371	None
A04_CKDN240018931_scaffolds.fasta_bin.10	72.05	2.35	Gradient Boost (General Model)	11	0.907	8019	306.6083976006855	2364639	0.52	2334	None
A04_CKDN240018931_scaffolds.fasta_bin.17	44.48	10.24	Gradient Boost (General Model)	11	0.942	3232	282.67840375586854	1147431	0.41	1278	None
A04_CKDN240018931_scaffolds.fasta_bin.21	82.55	6.11	Gradient Boost (General Model)	11	0.933	4819	316.93467543138865	2474390	0.57	2434	None
A04_CKDN240018931_scaffolds.fasta_bin.26	33.75	0.28	Neural Network (Specific Model)	11	0.928	3439	269.5290472501936	1120956	0.55	1291	None
A04_CKDN240018931_scaffolds.fasta_bin.27	46.74	0.33	Neural Network (Specific Model)	11	0.916	3800	285.56434962147284	1356452	0.54	1453	None
A04_CKDN240018931_scaffolds.fasta_bin.3	85.37	1.43	Gradient Boost (General Model)	11	0.903	4751	271.6186491332935	1508067	0.51	1673	None
A04_CKDN240018931_scaffolds.fasta_bin.35	86.42	8.81	Neural Network (Specific Model)	11	0.955	9292	321.70789341377576	2004328	0.46	1989	None
A04_CKDN240018931_scaffolds.fasta_bin.36	88.4	0.0	Gradient Boost (General Model)	11	0.917	101116	385.64154469012766	4044894	0.72	3211	None
A04_CKDN240018931_scaffolds.fasta_bin.41	100.0	54.83	Gradient Boost (General Model)	11	0.863	45298	395.8686804044541	10734741	0.61	7813	None
A04_CKDN240018931_scaffolds.fasta_bin.48	95.02	1.02	Gradient Boost (General Model)	11	0.944	58943	371.9480405107882	2677229	0.61	2271	None
A04_CKDN240018931_scaffolds.fasta_bin.5	9.73	0.01	Neural Network (Specific Model)	11	0.958	2610	262.6358543417367	292896	0.46	357	None
A04_CKDN240018931_scaffolds.fasta_bin.50	94.4	19.41	Gradient Boost (General Model)	11	0.92	11751	305.15786183182246	3176673	0.52	3199	None
A04_CKDN240018931_scaffolds.fasta_bin.52	84.65	0.91	Neural Network (Specific Model)	11	0.91	23821	288.7280769230769	2468121	0.53	2600	None
A04_CKDN240018931_scaffolds.fasta_bin.53	7.06	0.02	Neural Network (Specific Model)	4	0.773	4029	191.06262626262625	362644	0.39	495	None
A04_CKDN240018931_scaffolds.fasta_bin.67	37.46	6.15	Neural Network (Specific Model)	11	0.951	2836	294.06889050036256	1275688	0.55	1379	None
A04_CKDN240018931_scaffolds.fasta_bin.77	40.94	0.46	Neural Network (Specific Model)	11	0.941	3271	257.97286821705427	634790	0.57	774	None
A04_CKDN240018931_scaffolds.fasta_bin.79	8.97	0.02	Neural Network (Specific Model)	11	0.912	19708	232.20113314447593	268391	0.36	353	None
A04_CKDN240018931_scaffolds.fasta_bin.80	40.92	0.0	Neural Network (Specific Model)	11	0.945	3422	260.949141347424	1250579	0.64	1514	None
A05_CKDN240018932_scaffolds.fasta_bin.13	96.61	0.64	Gradient Boost (General Model)	11	0.934	21125	360.93171577123053	3340629	0.49	2885	None
A05_CKDN240018932_scaffolds.fasta_bin.14	14.17	0.0	Neural Network (Specific Model)	11	0.9	4011	290.64028776978415	269021	0.26	278	None
A05_CKDN240018932_scaffolds.fasta_bin.18	22.31	0.8	Neural Network (Specific Model)	11	0.955	3045	269.4291139240506	666332	0.5	790	None
A05_CKDN240018932_scaffolds.fasta_bin.26	38.16	0.33	Neural Network (Specific Model)	11	0.943	3207	264.4494301994302	1176660	0.62	1404	None
A05_CKDN240018932_scaffolds.fasta_bin.27	48.6	0.08	Neural Network (Specific Model)	11	0.936	3808	285.05252100840335	1302969	0.3	1428	None
A05_CKDN240018932_scaffolds.fasta_bin.30	78.61	0.03	Neural Network (Specific Model)	11	0.949	13818	279.30119375573923	958895	0.3	1089	None
A05_CKDN240018932_scaffolds.fasta_bin.33	11.6	4.21	Neural Network (Specific Model)	4	0.77	10077	237.81887755102042	719757	0.46	784	None
A05_CKDN240018932_scaffolds.fasta_bin.39	96.33	0.35	Neural Network (Specific Model)	11	0.918	53646	317.8086956521739	3099288	0.61	2990	None
A05_CKDN240018932_scaffolds.fasta_bin.4	18.52	0.18	Neural Network (Specific Model)	11	0.933	2882	253.43562874251498	543088	0.52	668	None
A05_CKDN240018932_scaffolds.fasta_bin.43	13.57	0.02	Neural Network (Specific Model)	11	0.95	9832	226.48642533936652	314717	0.35	442	None
A05_CKDN240018932_scaffolds.fasta_bin.51	30.97	19.95	Gradient Boost (General Model)	4	0.857	2769	227.229747615353	17260445	0.56	21911	Low confidence prediction - substantial (32%) disagreement between completeness prediction models
A05_CKDN240018932_scaffolds.fasta_bin.53	99.89	0.09	Neural Network (Specific Model)	11	0.921	49831	314.18073217726396	2651015	0.55	2595	None
A05_CKDN240018932_scaffolds.fasta_bin.55	98.2	0.03	Gradient Boost (General Model)	11	0.946	46371	294.40904716073146	1931913	0.51	2078	None
A05_CKDN240018932_scaffolds.fasta_bin.56	99.01	0.04	Gradient Boost (General Model)	11	0.946	44764	369.9669421487603	2690627	0.61	2299	None
A05_CKDN240018932_scaffolds.fasta_bin.59	72.16	0.35	Gradient Boost (General Model)	11	0.966	5859	274.64473684210526	968104	0.37	1140	None
A05_CKDN240018932_scaffolds.fasta_bin.60	4.09	0.04	Neural Network (Specific Model)	4	0.762	3654	179.2199036918138	434849	0.38	623	None
A05_CKDN240018932_scaffolds.fasta_bin.62	11.18	0.07	Neural Network (Specific Model)	11	0.868	11596	289.15668202764977	432357	0.42	434	None
A05_CKDN240018932_scaffolds.fasta_bin.65	12.44	0.0	Neural Network (Specific Model)	11	0.957	2867	272.8235294117647	449465	0.6	527	None
A05_CKDN240018932_scaffolds.fasta_bin.66	6.84	0.0	Neural Network (Specific Model)	11	0.933	6397	208.28571428571428	233223	0.32	350	None
A05_CKDN240018932_scaffolds.fasta_bin.71	86.28	1.25	Gradient Boost (General Model)	11	0.935	14805	343.2227366255144	2134211	0.56	1944	None
A05_CKDN240018932_scaffolds.fasta_bin.73	16.37	15.18	Neural Network (Specific Model)	11	0.884	27345	297.0703324808184	1574152	0.28	1564	None
A05_CKDN240018932_scaffolds.fasta_bin.75	18.65	0.12	Neural Network (Specific Model)	11	0.869	16719	289.40686274509807	407138	0.23	408	None
A05_CKDN240018932_scaffolds.fasta_bin.77	31.13	0.26	Neural Network (Specific Model)	11	0.962	3412	281.1688942891859	719864	0.5	823	None
A05_CKDN240018932_scaffolds.fasta_bin.8	4.05	0.0	Neural Network (Specific Model)	4	0.767	2982	232.81981981981983	200798	0.37	222	None
A06_CKDN240018933_scaffolds.fasta_bin.10	20.03	0.01	Neural Network (Specific Model)	11	0.861	2550	236.38569424964936	585529	0.44	713	None
A06_CKDN240018933_scaffolds.fasta_bin.11	15.84	0.2	Neural Network (Specific Model)	11	0.91	2939	255.2190170940171	785414	0.46	936	None
A06_CKDN240018933_scaffolds.fasta_bin.12	26.28	1.07	Neural Network (Specific Model)	11	0.955	5816	244.78937728937728	418177	0.31	546	None
A06_CKDN240018933_scaffolds.fasta_bin.19	67.09	1.68	Gradient Boost (General Model)	11	0.96	4681	267.7733333333333	1000412	0.37	1200	None
A06_CKDN240018933_scaffolds.fasta_bin.20	22.65	0.31	Neural Network (Specific Model)	11	0.904	2800	274.2157407407407	980411	0.58	1080	None
A06_CKDN240018933_scaffolds.fasta_bin.32	53.67	2.96	Neural Network (Specific Model)	11	0.963	9032	273.2930648769575	759443	0.3	894	None
A06_CKDN240018933_scaffolds.fasta_bin.39	79.06	2.33	Neural Network (Specific Model)	11	0.892	14302	270.9513343799058	2317706	0.5	2548	None
A06_CKDN240018933_scaffolds.fasta_bin.41	10.65	0.0	Neural Network (Specific Model)	11	0.902	2442	229.19243986254295	442766	0.68	582	None
A06_CKDN240018933_scaffolds.fasta_bin.43	26.42	2.6	Neural Network (Specific Model)	11	0.903	2761	239.28193832599118	538970	0.55	681	None
A06_CKDN240018933_scaffolds.fasta_bin.47	11.0	0.47	Neural Network (Specific Model)	11	0.943	4251	214.31231671554252	461772	0.35	682	None
A06_CKDN240018933_scaffolds.fasta_bin.5	11.37	0.0	Neural Network (Specific Model)	11	0.93	18670	242.8494623655914	290136	0.32	372	None
A07_CKDN240018934_scaffolds.fasta_bin.12	32.5	0.12	Neural Network (Specific Model)	11	0.967	3130	250.02044609665427	415477	0.37	538	None
A07_CKDN240018934_scaffolds.fasta_bin.16	67.28	2.35	Gradient Boost (General Model)	11	0.907	3654	274.058921623124	1625729	0.41	1799	None
A07_CKDN240018934_scaffolds.fasta_bin.19	53.35	5.47	Gradient Boost (General Model)	11	0.925	3110	272.22663723325974	1197596	0.36	1359	None
A07_CKDN240018934_scaffolds.fasta_bin.2	81.69	22.44	Neural Network (Specific Model)	11	0.95	4360	248.02663284717818	1231361	0.31	1577	None
A07_CKDN240018934_scaffolds.fasta_bin.25	7.82	0.02	Neural Network (Specific Model)	11	0.943	9375	230.47197640117994	247173	0.31	339	None
A07_CKDN240018934_scaffolds.fasta_bin.26	37.18	1.19	Neural Network (Specific Model)	11	0.928	2980	254.73722044728436	1026563	0.6	1252	None
A07_CKDN240018934_scaffolds.fasta_bin.30	26.37	0.0	Neural Network (Specific Model)	11	0.966	18918	298.6224489795918	271680	0.3	294	None
A07_CKDN240018934_scaffolds.fasta_bin.31	82.37	9.44	Neural Network (Specific Model)	11	0.897	11282	275.45553539019966	2533689	0.51	2755	None
A07_CKDN240018934_scaffolds.fasta_bin.34	7.15	0.9	Neural Network (Specific Model)	11	0.912	4283	252.9047619047619	261307	0.42	315	None
A07_CKDN240018934_scaffolds.fasta_bin.38	99.99	0.45	Neural Network (Specific Model)	11	0.926	76247	326.77589764754435	2561642	0.29	2423	None
A07_CKDN240018934_scaffolds.fasta_bin.40	86.88	0.43	Gradient Boost (General Model)	11	0.92	11009	350.8708148148148	3856548	0.72	3375	None
A07_CKDN240018934_scaffolds.fasta_bin.42	53.79	1.74	Neural Network (Specific Model)	11	0.899	3184	253.11667615253273	1480411	0.52	1757	None
A07_CKDN240018934_scaffolds.fasta_bin.44	13.01	0.0	Neural Network (Specific Model)	11	0.933	2481	249.52161383285303	277845	0.48	347	None
A07_CKDN240018934_scaffolds.fasta_bin.47	72.65	4.14	Gradient Boost (General Model)	11	0.909	6663	306.5702443280977	2316684	0.52	2292	None
A07_CKDN240018934_scaffolds.fasta_bin.49	10.52	0.2	Neural Network (Specific Model)	11	0.87	3071	274.45714285714286	462694	0.37	490	None
A07_CKDN240018934_scaffolds.fasta_bin.57	8.9	0.16	Neural Network (Specific Model)	11	0.941	2502	264.87111111111113	378836	0.61	450	None
A07_CKDN240018934_scaffolds.fasta_bin.58	5.42	0.02	Neural Network (Specific Model)	11	0.748	14123	321.82954545454544	452244	0.64	352	None
A07_CKDN240018934_scaffolds.fasta_bin.62	43.45	0.17	Neural Network (Specific Model)	11	0.959	7540	272.1248391248391	659189	0.29	777	None
A07_CKDN240018934_scaffolds.fasta_bin.63	12.69	0.0	Neural Network (Specific Model)	11	0.947	2487	272.21132897603485	394298	0.58	459	None
A07_CKDN240018934_scaffolds.fasta_bin.67	26.83	0.06	Neural Network (Specific Model)	11	0.937	2861	272.60154525386315	789421	0.34	906	None
A07_CKDN240018934_scaffolds.fasta_bin.68	84.17	1.56	Neural Network (Specific Model)	11	0.888	8107	284.81822889694456	1854733	0.51	1931	None
A07_CKDN240018934_scaffolds.fasta_bin.70	94.92	0.85	Gradient Boost (General Model)	11	0.951	8320	286.265639589169	1928627	0.66	2142	None
A07_CKDN240018934_scaffolds.fasta_bin.71	83.23	0.23	Gradient Boost (General Model)	11	0.927	9021	301.45022863172704	2768214	0.33	2843	None
A07_CKDN240018934_scaffolds.fasta_bin.72	25.79	0.38	Neural Network (Specific Model)	11	0.906	3099	257.7039603960396	860080	0.59	1010	None
A07_CKDN240018934_scaffolds.fasta_bin.76	48.24	0.19	Neural Network (Specific Model)	11	0.924	4047	274.10516431924884	945389	0.49	1065	None
A08_CKDN240018935_scaffolds.fasta_bin.13	39.57	0.69	Neural Network (Specific Model)	11	0.925	3418	277.2990844354018	881862	0.36	983	None
A08_CKDN240018935_scaffolds.fasta_bin.14	46.59	6.74	Neural Network (Specific Model)	11	0.905	2979	242.58957845433255	1368180	0.57	1708	None
A08_CKDN240018935_scaffolds.fasta_bin.17	8.89	0.2	Neural Network (Specific Model)	11	0.953	2643	276.88461538461536	225709	0.59	260	None
A08_CKDN240018935_scaffolds.fasta_bin.2	40.33	0.24	Gradient Boost (General Model)	11	0.925	3718	270.82164948453607	850096	0.49	970	None
A08_CKDN240018935_scaffolds.fasta_bin.20	73.99	1.94	Neural Network (Specific Model)	11	0.967	13593	277.5209347614411	881492	0.29	1027	None
A08_CKDN240018935_scaffolds.fasta_bin.27	80.56	9.7	Neural Network (Specific Model)	11	0.906	11755	276.0857250755287	2416475	0.51	2648	None
A08_CKDN240018935_scaffolds.fasta_bin.3	9.06	0.01	Neural Network (Specific Model)	11	0.924	185514	283.6587301587302	230732	0.47	252	None
A08_CKDN240018935_scaffolds.fasta_bin.35	94.41	44.7	Neural Network (Specific Model)	11	0.962	5970	265.71176234444	2058071	0.3	2491	None
A08_CKDN240018935_scaffolds.fasta_bin.4	77.01	2.11	Gradient Boost (General Model)	11	0.961	7370	261.9171917191719	905403	0.34	1111	None
A08_CKDN240018935_scaffolds.fasta_bin.40	36.19	0.34	Neural Network (Specific Model)	11	0.94	2898	267.559589581689	1079197	0.4	1267	None
A08_CKDN240018935_scaffolds.fasta_bin.51	92.19	1.95	Neural Network (Specific Model)	11	0.915	77494	305.83793876026886	2681382	0.5	2678	None
A08_CKDN240018935_scaffolds.fasta_bin.54	8.95	0.0	Neural Network (Specific Model)	11	0.941	2510	246.80718954248366	240306	0.49	306	None
A08_CKDN240018935_scaffolds.fasta_bin.56	96.36	2.99	Gradient Boost (General Model)	11	0.951	15656	324.8895216400911	1795576	0.45	1756	None
A08_CKDN240018935_scaffolds.fasta_bin.58	3.27	0.02	Neural Network (Specific Model)	11	0.881	2422	289.4003267973856	602120	0.57	612	None
A08_CKDN240018935_scaffolds.fasta_bin.62	5.31	0.17	Neural Network (Specific Model)	11	0.884	9414	270.93939393939394	242181	0.43	264	None
A08_CKDN240018935_scaffolds.fasta_bin.67	76.34	0.23	Gradient Boost (General Model)	11	0.915	5523	259.2085786375105	1007973	0.48	1189	None
A08_CKDN240018935_scaffolds.fasta_bin.71	17.16	0.26	Neural Network (Specific Model)	11	0.956	2864	271.4791288566243	467997	0.46	551	None
A09_CKDN240018936_scaffolds.fasta_bin.23	91.17	0.47	Gradient Boost (General Model)	11	0.92	7500	280.7349774227162	2630788	0.61	2879	None
A09_CKDN240018936_scaffolds.fasta_bin.25	24.68	2.44	Neural Network (Specific Model)	11	0.936	2866	224.85034013605443	632840	0.39	882	None
A09_CKDN240018936_scaffolds.fasta_bin.27	64.26	0.6	Gradient Boost (General Model)	11	0.918	4101	306.61963842609003	2820937	0.72	2821	None
A09_CKDN240018936_scaffolds.fasta_bin.32	22.17	0.17	Neural Network (Specific Model)	11	0.92	3023	247.83149779735683	731382	0.56	908	None
A09_CKDN240018936_scaffolds.fasta_bin.35	69.84	0.09	Neural Network (Specific Model)	11	0.966	10889	282.31230283911674	830639	0.29	951	None
A09_CKDN240018936_scaffolds.fasta_bin.39	100.0	0.22	Gradient Boost (General Model)	11	0.946	15910	327.42291789722384	1754144	0.45	1693	None
A09_CKDN240018936_scaffolds.fasta_bin.52	22.35	0.08	Neural Network (Specific Model)	11	0.939	2625	255.3658969804618	458138	0.4	563	None
A09_CKDN240018936_scaffolds.fasta_bin.57	99.89	98.15	Neural Network (Specific Model)	11	0.917	34896	299.1741472172352	5442110	0.51	5570	None
A10_CKDN240018937_scaffolds.fasta_bin.14	24.48	0.29	Neural Network (Specific Model)	11	0.906	2792	265.7646536412078	989158	0.52	1126	None
A10_CKDN240018937_scaffolds.fasta_bin.16	91.3	0.42	Gradient Boost (General Model)	11	0.953	6689	280.300450676014	1758303	0.67	1997	None
A10_CKDN240018937_scaffolds.fasta_bin.20	66.66	2.22	Neural Network (Specific Model)	11	0.933	10204	281.66510318949344	962091	0.55	1066	None
A10_CKDN240018937_scaffolds.fasta_bin.27	8.46	0.05	Neural Network (Specific Model)	11	0.95	12971	232.30833333333334	262748	0.31	360	None
A10_CKDN240018937_scaffolds.fasta_bin.29	59.62	1.18	Neural Network (Specific Model)	11	0.943	4137	299.4194229415904	1351818	0.43	1421	None
A10_CKDN240018937_scaffolds.fasta_bin.3	17.9	0.01	Neural Network (Specific Model)	11	0.918	2874	268.44878048780487	538588	0.54	615	None
A10_CKDN240018937_scaffolds.fasta_bin.35	71.8	0.84	Gradient Boost (General Model)	11	0.94	5211	292.6154761904762	1564514	0.38	1680	None
A10_CKDN240018937_scaffolds.fasta_bin.36	35.54	0.09	Neural Network (Specific Model)	11	0.889	2828	248.2331914893617	981918	0.48	1175	None
A10_CKDN240018937_scaffolds.fasta_bin.37	45.7	0.69	Gradient Boost (General Model)	11	0.894	3016	257.7012658227848	2043046	0.56	2370	None
A10_CKDN240018937_scaffolds.fasta_bin.38	41.92	0.22	Neural Network (Specific Model)	11	0.927	3119	220.50433412135538	902250	0.64	1269	None
A10_CKDN240018937_scaffolds.fasta_bin.40	99.95	1.11	Neural Network (Specific Model)	11	0.925	21188	314.2581818181818	2520656	0.29	2475	None
A10_CKDN240018937_scaffolds.fasta_bin.41	83.87	1.77	Gradient Boost (General Model)	11	0.898	7470	263.1183510638298	1318610	0.48	1504	None
A10_CKDN240018937_scaffolds.fasta_bin.44	36.92	0.87	Neural Network (Specific Model)	11	0.93	3697	268.40185950413223	835703	0.49	968	None
A10_CKDN240018937_scaffolds.fasta_bin.46	68.53	2.27	Neural Network (Specific Model)	11	0.955	7000	272.63863216266174	924176	0.29	1082	None
A10_CKDN240018937_scaffolds.fasta_bin.5	52.73	2.49	Gradient Boost (General Model)	11	0.96	3878	264.05381604696674	840382	0.37	1022	None
A10_CKDN240018937_scaffolds.fasta_bin.8	12.13	0.0	Neural Network (Specific Model)	11	0.935	2661	272.83492063492065	275131	0.41	315	None
A10_CKDN240018937_scaffolds.fasta_bin.9	12.38	0.11	Neural Network (Specific Model)	11	0.869	18272	248.4279069767442	367559	0.28	430	None
A11_CKDN240018938_scaffolds.fasta_bin.1	80.43	0.09	Gradient Boost (General Model)	11	0.903	4913	275.59395973154363	1635105	0.51	1788	None
A11_CKDN240018938_scaffolds.fasta_bin.19	5.12	0.03	Neural Network (Specific Model)	11	0.887	7638	272.3207547169811	243394	0.45	265	None
A11_CKDN240018938_scaffolds.fasta_bin.25	51.21	0.29	Gradient Boost (General Model)	11	0.917	3502	262.51605231866824	720093	0.4	841	None
A11_CKDN240018938_scaffolds.fasta_bin.29	82.05	1.4	Neural Network (Specific Model)	11	0.941	8200	308.0151356993737	1876585	0.38	1916	None
A11_CKDN240018938_scaffolds.fasta_bin.4	11.5	0.13	Neural Network (Specific Model)	11	0.927	2585	269.9146567717996	470015	0.38	539	None
A11_CKDN240018938_scaffolds.fasta_bin.42	96.78	0.06	Neural Network (Specific Model)	11	0.925	22408	314.66035455278	2528380	0.29	2482	None
A11_CKDN240018938_scaffolds.fasta_bin.49	65.31	4.34	Gradient Boost (General Model)	11	0.946	4847	253.05255255255256	1064662	0.34	1332	None
A11_CKDN240018938_scaffolds.fasta_bin.7	34.82	0.64	Neural Network (Specific Model)	11	0.956	3126	264.7582128777924	630439	0.3	761	None
A12_CKDN240018939_scaffolds.fasta_bin.11	31.39	0.2	Neural Network (Specific Model)	11	0.893	2748	249.52582159624413	888081	0.4	1065	None
A12_CKDN240018939_scaffolds.fasta_bin.16	64.36	1.54	Neural Network (Specific Model)	11	0.951	3968	264.67203513909226	1137991	0.3	1366	None
A12_CKDN240018939_scaffolds.fasta_bin.19	14.01	0.01	Neural Network (Specific Model)	11	0.911	3070	266.2373113854595	637079	0.52	729	None
A12_CKDN240018939_scaffolds.fasta_bin.21	82.47	0.62	Gradient Boost (General Model)	11	0.934	4902	302.4975417895772	1972623	0.4	2034	None
A12_CKDN240018939_scaffolds.fasta_bin.22	80.15	5.9	Gradient Boost (General Model)	11	0.946	4829	282.5296714075527	1822205	0.39	2039	None
A12_CKDN240018939_scaffolds.fasta_bin.23	7.3	0.02	Neural Network (Specific Model)	11	0.936	23177	224.87004405286345	325626	0.38	454	None
A12_CKDN240018939_scaffolds.fasta_bin.27	80.79	8.13	Neural Network (Specific Model)	11	0.899	11399	276.24783427495294	2440924	0.51	2655	None
A12_CKDN240018939_scaffolds.fasta_bin.28	70.07	0.6	Gradient Boost (General Model)	11	0.95	4544	310.41257457549335	2129667	0.61	2179	None
A12_CKDN240018939_scaffolds.fasta_bin.32	60.78	1.37	Gradient Boost (General Model)	11	0.921	3760	300.46856227472966	2439702	0.72	2497	None
A12_CKDN240018939_scaffolds.fasta_bin.33	9.29	0.34	Neural Network (Specific Model)	11	0.898	5518	205.37319587628866	330805	0.36	485	None
A12_CKDN240018939_scaffolds.fasta_bin.4	13.75	0.01	Neural Network (Specific Model)	11	0.921	2709	243.77414075286416	483801	0.5	611	None
A12_CKDN240018939_scaffolds.fasta_bin.41	33.53	1.43	Neural Network (Specific Model)	11	0.943	3103	262.1087912087912	757332	0.36	910	None
A12_CKDN240018939_scaffolds.fasta_bin.46	58.74	3.09	Gradient Boost (General Model)	11	0.913	4436	290.83413333333334	1788235	0.54	1875	None
A12_CKDN240018939_scaffolds.fasta_bin.49	24.27	0.73	Neural Network (Specific Model)	11	0.927	2793	282.1923076923077	758712	0.38	832	None
A12_CKDN240018939_scaffolds.fasta_bin.50	7.95	0.01	Neural Network (Specific Model)	11	0.925	2595	248.6717391304348	369786	0.62	460	None
A12_CKDN240018939_scaffolds.fasta_bin.52	65.44	1.3	Gradient Boost (General Model)	11	0.933	3581	244.5819209039548	972066	0.48	1239	None
A12_CKDN240018939_scaffolds.fasta_bin.56	60.6	14.99	Neural Network (Specific Model)	11	0.959	3082	242.36046511627907	909738	0.3	1204	None
A12_CKDN240018939_scaffolds.fasta_bin.58	14.38	0.65	Neural Network (Specific Model)	11	0.937	2588	270.66422018348624	471066	0.37	545	None
A12_CKDN240018939_scaffolds.fasta_bin.59	9.72	0.18	Neural Network (Specific Model)	11	0.89	12094	227.342175066313	287898	0.3	377	None
A13_CKDN240018940_scaffolds.fasta_bin.1	82.33	0.01	Neural Network (Specific Model)	11	0.91	12387	260.70363636363635	942910	0.37	1100	None
A13_CKDN240018940_scaffolds.fasta_bin.17	8.52	0.72	Neural Network (Specific Model)	11	0.893	6451	244.99442896935932	294865	0.41	359	None
A13_CKDN240018940_scaffolds.fasta_bin.18	74.05	3.1	Gradient Boost (General Model)	11	0.957	7328	280.55595408895266	1221939	0.37	1394	None
A13_CKDN240018940_scaffolds.fasta_bin.21	96.96	0.25	Gradient Boost (General Model)	11	0.949	21285	301.913488372093	2047308	0.66	2150	None
A13_CKDN240018940_scaffolds.fasta_bin.25	8.19	0.02	Neural Network (Specific Model)	11	0.95	18608	228.83641975308643	232980	0.3	324	None
A13_CKDN240018940_scaffolds.fasta_bin.3	6.9	0.34	Neural Network (Specific Model)	11	0.941	5447	222.62222222222223	222868	0.32	315	None
A13_CKDN240018940_scaffolds.fasta_bin.31	15.98	0.2	Neural Network (Specific Model)	11	0.95	3703	295.6958762886598	541852	0.4	582	None
A13_CKDN240018940_scaffolds.fasta_bin.36	24.24	2.4	Neural Network (Specific Model)	11	0.967	3159	237.9300518134715	283609	0.28	386	None
A13_CKDN240018940_scaffolds.fasta_bin.38	8.49	0.0	Neural Network (Specific Model)	11	0.939	2585	235.9343891402715	331914	0.64	442	None
A13_CKDN240018940_scaffolds.fasta_bin.4	68.51	1.92	Neural Network (Specific Model)	11	0.939	10162	280.754039497307	995930	0.55	1114	None
A13_CKDN240018940_scaffolds.fasta_bin.43	74.14	1.67	Gradient Boost (General Model)	11	0.919	4837	298.6699867197875	1464726	0.4	1506	None
A13_CKDN240018940_scaffolds.fasta_bin.45	86.22	2.67	Neural Network (Specific Model)	11	0.942	18051	278.8658088235294	962974	0.3	1088	None
A13_CKDN240018940_scaffolds.fasta_bin.48	89.04	6.87	Gradient Boost (General Model)	11	0.897	12801	276.66717267552184	2432151	0.51	2635	None
A13_CKDN240018940_scaffolds.fasta_bin.54	99.91	70.94	Neural Network (Specific Model)	11	0.92	14289	288.7603550295858	5397564	0.51	5746	None
A13_CKDN240018940_scaffolds.fasta_bin.64	90.64	1.58	Neural Network (Specific Model)	11	0.925	8332	296.58511513157896	2335038	0.29	2432	None
A13_CKDN240018940_scaffolds.fasta_bin.65	50.51	1.69	Neural Network (Specific Model)	11	0.956	3462	238.24341279799248	593764	0.31	797	None
A13_CKDN240018940_scaffolds.fasta_bin.68	71.29	2.14	Gradient Boost (General Model)	11	0.934	3982	291.57077625570776	1638483	0.4	1752	None
A13_CKDN240018940_scaffolds.fasta_bin.7	8.59	1.02	Neural Network (Specific Model)	11	0.938	3306	174.95435684647302	401342	0.39	723	None
A14_CKDN240018941_scaffolds.fasta_bin.12	31.02	0.14	Neural Network (Specific Model)	11	0.968	2624	251.73705179282868	390458	0.37	502	None
A14_CKDN240018941_scaffolds.fasta_bin.24	59.97	1.25	Neural Network (Specific Model)	11	0.934	3754	274.7203488372093	1515833	0.29	1720	None
A14_CKDN240018941_scaffolds.fasta_bin.25	79.02	3.15	Gradient Boost (General Model)	11	0.881	9590	305.9522379092821	3460253	0.59	3329	None
A14_CKDN240018941_scaffolds.fasta_bin.29	7.83	0.17	Neural Network (Specific Model)	11	0.938	5728	215.94678492239467	309264	0.38	451	None
A14_CKDN240018941_scaffolds.fasta_bin.32	30.03	2.35	Neural Network (Specific Model)	11	0.911	2627	256.26278772378515	1316605	0.61	1564	None
A14_CKDN240018941_scaffolds.fasta_bin.33	34.56	0.9	Neural Network (Specific Model)	11	0.936	2874	269.75267050123256	1049416	0.46	1217	None
A14_CKDN240018941_scaffolds.fasta_bin.35	11.87	0.69	Neural Network (Specific Model)	11	0.941	2969	209.04474272930648	592801	0.39	894	None
A14_CKDN240018941_scaffolds.fasta_bin.36	17.89	0.01	Neural Network (Specific Model)	11	0.907	2587	250.7003676470588	449716	0.55	544	None
A14_CKDN240018941_scaffolds.fasta_bin.39	8.1	0.05	Neural Network (Specific Model)	11	0.907	2393	241.02301255230125	379866	0.66	478	None
A14_CKDN240018941_scaffolds.fasta_bin.4	8.36	0.08	Neural Network (Specific Model)	11	0.917	2464	241.91071428571428	265344	0.39	336	None
A14_CKDN240018941_scaffolds.fasta_bin.40	7.62	0.04	Neural Network (Specific Model)	11	0.876	3231	253.234375	277278	0.47	320	None
A14_CKDN240018941_scaffolds.fasta_bin.41	57.35	0.89	Neural Network (Specific Model)	11	0.966	5314	266.9608030592734	864693	0.3	1046	None
A14_CKDN240018941_scaffolds.fasta_bin.53	21.85	0.03	Neural Network (Specific Model)	11	0.859	2679	244.6052303860523	684083	0.44	803	None
A14_CKDN240018941_scaffolds.fasta_bin.54	80.2	1.24	Gradient Boost (General Model)	11	0.871	4977	260.5017123287671	2614229	0.48	2920	None
A14_CKDN240018941_scaffolds.fasta_bin.56	49.06	0.19	Neural Network (Specific Model)	11	0.942	3599	291.0370662460568	1172673	0.43	1268	None
A14_CKDN240018941_scaffolds.fasta_bin.8	55.77	2.78	Gradient Boost (General Model)	11	0.925	3555	274.74650912996776	827818	0.4	931	None
A15_CKDN240018942_scaffolds.fasta_bin.13	15.73	0.07	Neural Network (Specific Model)	11	0.847	2502	333.43948126801155	818620	0.67	694	None
A15_CKDN240018942_scaffolds.fasta_bin.21	32.97	0.0	Neural Network (Specific Model)	11	0.938	11180	322.93975903614455	1197987	0.61	1162	None
A15_CKDN240018942_scaffolds.fasta_bin.3	99.64	3.64	Gradient Boost (General Model)	11	0.903	39130	324.9517200938233	5518309	0.62	5116	None
A15_CKDN240018942_scaffolds.fasta_bin.32	18.88	0.07	Neural Network (Specific Model)	11	0.904	16917	325.5409836065574	723811	0.54	671	None
A15_CKDN240018942_scaffolds.fasta_bin.34	86.28	0.3	Neural Network (Specific Model)	11	0.896	23981	301.86510067114097	3008018	0.59	2980	None
A15_CKDN240018942_scaffolds.fasta_bin.41	85.56	2.41	Neural Network (Specific Model)	11	0.898	22499	300.8471184631804	3758191	0.72	3748	None
A15_CKDN240018942_scaffolds.fasta_bin.42	87.99	3.14	Gradient Boost (General Model)	11	0.935	28395	365.6226273726274	4690806	0.62	4004	None
A15_CKDN240018942_scaffolds.fasta_bin.46	97.94	1.85	Gradient Boost (General Model)	11	0.918	177872	376.25945945945944	3180207	0.38	2590	None
A15_CKDN240018942_scaffolds.fasta_bin.48	96.9	0.27	Gradient Boost (General Model)	11	0.933	149002	343.1142857142857	1307499	0.45	1190	None
A15_CKDN240018942_scaffolds.fasta_bin.5	96.14	0.01	Neural Network (Specific Model)	11	0.96	56323	305.0112359550562	1183211	0.35	1246	None
A15_CKDN240018942_scaffolds.fasta_bin.50	29.62	1.21	Neural Network (Specific Model)	11	0.923	2733	248.67729591836735	1264295	0.58	1568	None
A15_CKDN240018942_scaffolds.fasta_bin.53	12.16	0.01	Neural Network (Specific Model)	11	0.936	2812	256.8093457943925	439217	0.55	535	None
A15_CKDN240018942_scaffolds.fasta_bin.54	32.43	0.13	Neural Network (Specific Model)	11	0.862	405919	351.89351851851853	1848992	0.47	1512	None
A15_CKDN240018942_scaffolds.fasta_bin.69	6.71	0.01	Neural Network (Specific Model)	11	0.913	2787	263.94827586206895	251001	0.56	290	None
A15_CKDN240018942_scaffolds.fasta_bin.71	96.65	3.24	Gradient Boost (General Model)	11	0.917	119144	322.19620253164555	4822525	0.64	4582	None
A15_CKDN240018942_scaffolds.fasta_bin.78	90.68	15.68	Gradient Boost (General Model)	11	0.909	3758	257.32190476190476	4002265	0.56	4725	None
A15_CKDN240018942_scaffolds.fasta_bin.83	15.59	0.0	Neural Network (Specific Model)	11	0.915	5218	275.3576158940397	408332	0.31	453	None
A15_CKDN240018942_scaffolds.fasta_bin.84	99.88	0.08	Gradient Boost (General Model)	11	0.943	443275	355.22564102564104	3519684	0.59	3120	None
A15_CKDN240018942_scaffolds.fasta_bin.85	98.49	7.59	Gradient Boost (General Model)	11	0.919	102753	288.2749291419737	3644484	0.53	3881	None
A15_CKDN240018942_scaffolds.fasta_bin.89	94.62	2.43	Gradient Boost (General Model)	11	0.93	58913	317.49208675263776	3489116	0.65	3412	None
A01_CKDN240018928_scaffolds.fasta_bin.1	64.84	1.4	Gradient Boost (General Model)	11	0.95	3745	297.0175150519978	1709418	0.61	1827	None
A01_CKDN240018928_scaffolds.fasta_bin.14	81.08	42.59	Gradient Boost (General Model)	11	0.95	11544	350.5324316864477	4001022	0.57	3623	None
A01_CKDN240018928_scaffolds.fasta_bin.16	89.44	1.77	Neural Network (Specific Model)	11	0.926	11287	293.2642341619888	2364903	0.55	2494	None
A01_CKDN240018928_scaffolds.fasta_bin.17	45.38	0.3	Gradient Boost (General Model)	11	0.95	4229	298.54740740740743	1269096	0.45	1350	None
A01_CKDN240018928_scaffolds.fasta_bin.19	93.64	0.82	Gradient Boost (General Model)	11	0.927	16596	319.8215767634855	2737070	0.52	2651	None
A01_CKDN240018928_scaffolds.fasta_bin.2	8.67	0.06	Neural Network (Specific Model)	11	0.902	5573	279.62573099415204	475358	0.58	513	None
A01_CKDN240018928_scaffolds.fasta_bin.25	85.79	2.97	Neural Network (Specific Model)	11	0.935	12704	342.28931875525655	2605625	0.6	2378	None
A01_CKDN240018928_scaffolds.fasta_bin.26	16.28	0.33	Neural Network (Specific Model)	11	0.941	7910	241.69473684210527	437409	0.38	570	None
A01_CKDN240018928_scaffolds.fasta_bin.29	100.0	37.67	Gradient Boost (General Model)	11	0.834	4191	296.66663239603145	20703542	0.44	19453	None
A01_CKDN240018928_scaffolds.fasta_bin.30	100.0	29.33	Gradient Boost (General Model)	11	0.49	4468	136.17936786124372	41186495	0.35	49641	None
A01_CKDN240018928_scaffolds.fasta_bin.31	52.25	2.27	Gradient Boost (General Model)	11	0.878	3332	313.0057055914796	2805452	0.5	2629	None
A01_CKDN240018928_scaffolds.fasta_bin.33	32.16	0.01	Neural Network (Specific Model)	11	0.955	38180	374.128664495114	720082	0.59	614	None
A01_CKDN240018928_scaffolds.fasta_bin.42	4.32	0.0	Neural Network (Specific Model)	11	0.746	19135	311.70175438596493	213846	0.28	171	None
A01_CKDN240018928_scaffolds.fasta_bin.44	11.02	0.04	Neural Network (Specific Model)	11	0.897	38008	239.9257142857143	279705	0.36	350	None
A01_CKDN240018928_scaffolds.fasta_bin.49	90.73	2.06	Neural Network (Specific Model)	11	0.901	20532	325.57519494987	2915144	0.35	2693	None
A01_CKDN240018928_scaffolds.fasta_bin.5	72.84	4.58	Gradient Boost (General Model)	11	0.925	4252	284.5769068689423	2185171	0.52	2373	None
A02_CKDN240018929_scaffolds.fasta_bin.13	10.59	0.1	Neural Network (Specific Model)	11	0.929	5508	228.16	367261	0.33	500	None
A02_CKDN240018929_scaffolds.fasta_bin.14	40.21	1.8	Neural Network (Specific Model)	11	0.906	3001	251.2766043866775	2043381	0.6	2462	None
A02_CKDN240018929_scaffolds.fasta_bin.18	92.83	1.24	Gradient Boost (General Model)	11	0.932	18636	349.8723315194642	2683934	0.6	2389	None
A02_CKDN240018929_scaffolds.fasta_bin.21	92.84	1.13	Gradient Boost (General Model)	11	0.915	22827	318.28311688311686	2806970	0.52	2695	None
A02_CKDN240018929_scaffolds.fasta_bin.22	25.99	3.06	Neural Network (Specific Model)	11	0.959	2998	238.3980198019802	375178	0.3	505	None
A02_CKDN240018929_scaffolds.fasta_bin.29	54.19	0.2	Gradient Boost (General Model)	11	0.921	3485	251.10517621145374	1482198	0.56	1816	None
A02_CKDN240018929_scaffolds.fasta_bin.33	83.6	2.36	Neural Network (Specific Model)	11	0.931	15996	328.2324660633484	1867136	0.43	1768	None
A02_CKDN240018929_scaffolds.fasta_bin.36	66.49	2.54	Neural Network (Specific Model)	11	0.953	38492	367.4283697953423	1635860	0.59	1417	None
A02_CKDN240018929_scaffolds.fasta_bin.39	81.05	43.85	Neural Network (Specific Model)	11	0.953	11057	359.32681017612526	4036284	0.57	3577	None
A02_CKDN240018929_scaffolds.fasta_bin.40	79.12	3.06	Gradient Boost (General Model)	11	0.946	4714	302.0587878787879	1576693	0.4	1650	None
A02_CKDN240018929_scaffolds.fasta_bin.43	88.93	0.34	Neural Network (Specific Model)	11	0.949	24837	331.97603121516164	1877761	0.46	1794	None
A02_CKDN240018929_scaffolds.fasta_bin.5	82.13	5.99	Neural Network (Specific Model)	11	0.951	21803	281.6669498725573	1043102	0.31	1177	None
A02_CKDN240018929_scaffolds.fasta_bin.55	95.64	1.32	Neural Network (Specific Model)	11	0.926	16460	309.5313638203157	2475105	0.29	2471	None
A02_CKDN240018929_scaffolds.fasta_bin.62	87.46	7.25	Gradient Boost (General Model)	11	0.919	9460	311.72705722993567	2999290	0.52	2953	None
A02_CKDN240018929_scaffolds.fasta_bin.64	9.85	1.76	Neural Network (Specific Model)	11	0.941	9569	233.50943396226415	274751	0.44	371	None
A02_CKDN240018929_scaffolds.fasta_bin.7	12.78	0.33	Neural Network (Specific Model)	11	0.922	6231	270.51781472684087	369546	0.3	421	None
A03_CKDN240018930_scaffolds.fasta_bin.11	43.02	3.41	Gradient Boost (General Model)	11	0.928	4052	262.99732108687334	4424477	0.48	5226	None
A03_CKDN240018930_scaffolds.fasta_bin.12	24.88	4.19	Neural Network (Specific Model)	11	0.827	2484	221.24878836833602	2965448	0.45	3714	None
A03_CKDN240018930_scaffolds.fasta_bin.14	65.01	3.0	Gradient Boost (General Model)	11	0.918	5510	296.5259862241703	1542798	0.61	1597	None
A03_CKDN240018930_scaffolds.fasta_bin.21	12.48	0.02	Neural Network (Specific Model)	11	0.94	26979	233.4967320261438	340486	0.35	459	None
A03_CKDN240018930_scaffolds.fasta_bin.22	9.56	0.03	Neural Network (Specific Model)	11	0.855	26105	298.30056179775283	372150	0.32	356	None
A03_CKDN240018930_scaffolds.fasta_bin.23	6.91	0.01	Neural Network (Specific Model)	11	0.863	16840	236.70170454545453	288442	0.46	352	None
A03_CKDN240018930_scaffolds.fasta_bin.30	39.78	8.04	Neural Network (Specific Model)	11	0.943	2849	284.72536136662285	1374477	0.57	1522	None
A03_CKDN240018930_scaffolds.fasta_bin.37	6.35	0.44	Neural Network (Specific Model)	11	0.889	5011	249.69781931464175	269726	0.43	321	None
A03_CKDN240018930_scaffolds.fasta_bin.40	97.12	1.4	Gradient Boost (General Model)	11	0.924	21258	321.777449168207	2821094	0.52	2705	None
A03_CKDN240018930_scaffolds.fasta_bin.41	31.32	0.6	Neural Network (Specific Model)	11	0.896	9222	286.59240506329115	1133286	0.53	1185	None
A03_CKDN240018930_scaffolds.fasta_bin.45	32.84	0.95	Neural Network (Specific Model)	11	0.954	3210	284.40896614821594	974596	0.53	1093	None
A03_CKDN240018930_scaffolds.fasta_bin.47	0.53	6.92	Neural Network (Specific Model)	11	0.848	2870	277.12087756546356	6908183	0.4	7065	None
A03_CKDN240018930_scaffolds.fasta_bin.48	9.61	0.01	Neural Network (Specific Model)	11	0.961	3133	282.66285714285715	307707	0.4	350	None
A03_CKDN240018930_scaffolds.fasta_bin.49	75.77	1.67	Neural Network (Specific Model)	11	0.921	11764	283.190347316193	2040237	0.56	2217	None
A03_CKDN240018930_scaffolds.fasta_bin.53	42.4	10.35	Gradient Boost (General Model)	11	0.946	3050	295.2911001236094	1511080	0.55	1618	None
A03_CKDN240018930_scaffolds.fasta_bin.57	62.96	2.72	Neural Network (Specific Model)	11	0.93	4945	295.34285714285716	1730962	0.3	1820	None
A03_CKDN240018930_scaffolds.fasta_bin.58	70.55	3.64	Neural Network (Specific Model)	11	0.901	4815	270.5120170368117	2956813	0.64	3287	None
A03_CKDN240018930_scaffolds.fasta_bin.60	79.53	0.81	Gradient Boost (General Model)	11	0.926	16773	341.4599496221662	2189710	0.55	1985	None
A03_CKDN240018930_scaffolds.fasta_bin.63	93.21	0.67	Gradient Boost (General Model)	11	0.947	57215	375.4623992837959	2652540	0.61	2234	None
A03_CKDN240018930_scaffolds.fasta_bin.68	99.58	0.03	Neural Network (Specific Model)	11	0.918	46145	315.23862115127173	3071948	0.61	2988	None
A03_CKDN240018930_scaffolds.fasta_bin.78	83.24	1.01	Neural Network (Specific Model)	11	0.912	23220	288.7694994179278	2441843	0.53	2577	None
A04_CKDN240018931_scaffolds.fasta_bin.11	94.63	1.44	Gradient Boost (General Model)	11	0.919	31190	322.4357062989191	2819659	0.52	2683	None
A04_CKDN240018931_scaffolds.fasta_bin.15	89.5	0.4	Neural Network (Specific Model)	11	0.942	21317	325.56059824651885	2007076	0.38	1939	None
A04_CKDN240018931_scaffolds.fasta_bin.16	34.71	1.65	Neural Network (Specific Model)	11	0.95	3496	301.63105835806135	960201	0.59	1011	None
A04_CKDN240018931_scaffolds.fasta_bin.18	70.93	1.96	Neural Network (Specific Model)	11	0.899	4584	271.05929203539824	3061089	0.64	3390	None
A04_CKDN240018931_scaffolds.fasta_bin.19	68.92	1.53	Gradient Boost (General Model)	11	0.927	3759	274.68237082066867	1167451	0.39	1316	None
A04_CKDN240018931_scaffolds.fasta_bin.20	51.66	2.03	Neural Network (Specific Model)	11	0.951	3675	247.2051282051282	758402	0.31	975	None
A04_CKDN240018931_scaffolds.fasta_bin.23	42.69	5.78	Neural Network (Specific Model)	11	0.931	4489	245.80153036824487	3296217	0.46	4182	None
A04_CKDN240018931_scaffolds.fasta_bin.25	22.05	0.0	Neural Network (Specific Model)	11	0.926	4253	260.3429256594724	702252	0.52	834	None
A04_CKDN240018931_scaffolds.fasta_bin.30	33.23	9.11	Neural Network (Specific Model)	11	0.898	6103	262.59002169197396	1210987	0.51	1383	None
A04_CKDN240018931_scaffolds.fasta_bin.32	10.95	0.0	Neural Network (Specific Model)	11	0.924	3083	240.69736842105263	236818	0.48	304	None
A04_CKDN240018931_scaffolds.fasta_bin.33	93.03	0.48	Neural Network (Specific Model)	11	0.922	10791	286.3098901098901	2115788	0.56	2275	None
A04_CKDN240018931_scaffolds.fasta_bin.38	13.02	0.0	Neural Network (Specific Model)	11	0.932	30240	226.04666666666665	325488	0.37	450	None
A04_CKDN240018931_scaffolds.fasta_bin.39	52.76	3.76	Neural Network (Specific Model)	11	0.923	5363	309.578381795196	1587050	0.61	1582	None
A04_CKDN240018931_scaffolds.fasta_bin.42	15.32	0.02	Neural Network (Specific Model)	11	0.953	73181	238.7018348623853	325950	0.35	436	None
A04_CKDN240018931_scaffolds.fasta_bin.51	99.97	98.96	Neural Network (Specific Model)	11	0.916	53840	302.6495435833184	5525708	0.51	5587	None
A04_CKDN240018931_scaffolds.fasta_bin.57	13.84	0.9	Neural Network (Specific Model)	11	0.92	2478	248.70200573065904	282305	0.54	349	None
A04_CKDN240018931_scaffolds.fasta_bin.59	16.1	15.41	Neural Network (Specific Model)	11	0.871	17816	281.9829974811083	1538945	0.28	1588	None
A04_CKDN240018931_scaffolds.fasta_bin.66	33.39	0.19	Neural Network (Specific Model)	11	0.955	3303	286.68914646996836	852922	0.53	949	None
A04_CKDN240018931_scaffolds.fasta_bin.69	4.36	0.02	Neural Network (Specific Model)	11	0.815	2353	218.7945205479452	350844	0.45	438	None
A04_CKDN240018931_scaffolds.fasta_bin.70	15.04	0.13	Neural Network (Specific Model)	11	0.889	9877	287.1515151515151	351306	0.23	363	None
A04_CKDN240018931_scaffolds.fasta_bin.74	8.5	0.0	Neural Network (Specific Model)	11	0.894	28890	245.5	211712	0.45	258	None
A04_CKDN240018931_scaffolds.fasta_bin.75	12.2	0.03	Neural Network (Specific Model)	11	0.883	28427	304.4986376021798	378945	0.32	367	None
A05_CKDN240018932_scaffolds.fasta_bin.11	100.0	59.4	Gradient Boost (General Model)	11	0.772	11897	274.81651704139193	26792392	0.39	25174	None
A05_CKDN240018932_scaffolds.fasta_bin.22	89.06	0.0	Gradient Boost (General Model)	11	0.915	86257	385.5517027863777	4077796	0.72	3230	None
A05_CKDN240018932_scaffolds.fasta_bin.32	98.12	1.13	Gradient Boost (General Model)	11	0.95	14897	295.5781835205992	1988147	0.66	2136	None
A05_CKDN240018932_scaffolds.fasta_bin.35	9.36	0.0	Neural Network (Specific Model)	11	0.897	39144	238.9025270758123	220507	0.45	277	None
A05_CKDN240018932_scaffolds.fasta_bin.36	82.54	1.39	Neural Network (Specific Model)	11	0.926	12739	321.9160134378499	1859190	0.43	1786	None
A05_CKDN240018932_scaffolds.fasta_bin.38	48.71	2.6	Gradient Boost (General Model)	11	0.938	3301	295.2987457240593	1652095	0.57	1754	None
A05_CKDN240018932_scaffolds.fasta_bin.42	48.88	1.82	Gradient Boost (General Model)	11	0.92	3011	263.9182530795073	766500	0.4	893	None
A05_CKDN240018932_scaffolds.fasta_bin.47	73.23	0.2	Gradient Boost (General Model)	11	0.905	7697	307.0095802919708	2228972	0.52	2192	None
A05_CKDN240018932_scaffolds.fasta_bin.54	79.89	0.3	Gradient Boost (General Model)	11	0.902	4486	270.85310387215736	1463158	0.51	1627	None
A05_CKDN240018932_scaffolds.fasta_bin.57	87.25	5.93	Gradient Boost (General Model)	11	0.923	5584	283.5036982248521	2487300	0.52	2704	None
A05_CKDN240018932_scaffolds.fasta_bin.61	12.96	0.05	Neural Network (Specific Model)	11	0.899	3162	287.73316062176167	370057	0.34	386	None
A05_CKDN240018932_scaffolds.fasta_bin.76	96.98	0.89	Gradient Boost (General Model)	11	0.926	40483	314.6098787341023	3438371	0.35	3381	None
A06_CKDN240018933_scaffolds.fasta_bin.14	86.9	0.07	Neural Network (Specific Model)	11	0.962	10992	287.0335463258786	1116470	0.35	1252	None
A06_CKDN240018933_scaffolds.fasta_bin.17	21.6	7.48	Neural Network (Specific Model)	11	0.929	3068	188.50106609808103	850721	0.4	1407	None
A06_CKDN240018933_scaffolds.fasta_bin.22	96.53	0.15	Gradient Boost (General Model)	11	0.86	13894	279.4718010915706	3209641	0.48	3298	None
A06_CKDN240018933_scaffolds.fasta_bin.27	46.42	8.31	Gradient Boost (General Model)	11	0.947	2899	247.57810218978102	1071751	0.33	1370	None
A06_CKDN240018933_scaffolds.fasta_bin.34	57.75	2.3	Neural Network (Specific Model)	11	0.926	3719	264.60108153078204	2057385	0.56	2404	None
A06_CKDN240018933_scaffolds.fasta_bin.35	88.42	2.24	Gradient Boost (General Model)	11	0.877	6109	282.58113304280954	3764373	0.51	3901	None
A06_CKDN240018933_scaffolds.fasta_bin.46	81.46	0.73	Neural Network (Specific Model)	11	0.925	7024	283.62601975096607	2137113	0.55	2329	None
A06_CKDN240018933_scaffolds.fasta_bin.49	95.0	1.07	Gradient Boost (General Model)	11	0.952	19620	300.01295696436836	2038352	0.66	2161	None
A06_CKDN240018933_scaffolds.fasta_bin.53	27.94	6.41	Neural Network (Specific Model)	11	0.926	4174	193.36684073107048	952056	0.4	1532	None
A06_CKDN240018933_scaffolds.fasta_bin.8	20.16	0.3	Neural Network (Specific Model)	11	0.958	3015	240.56511056511056	305315	0.55	407	None
A07_CKDN240018934_scaffolds.fasta_bin.10	16.62	0.92	Neural Network (Specific Model)	11	0.965	2619	225.50170648464163	204882	0.31	293	None
A07_CKDN240018934_scaffolds.fasta_bin.11	6.23	0.02	Neural Network (Specific Model)	11	0.789	18276	286.64912280701753	433234	0.59	399	None
A07_CKDN240018934_scaffolds.fasta_bin.18	27.24	3.53	Neural Network (Specific Model)	11	0.945	2876	257.46408209806157	714917	0.33	877	None
A07_CKDN240018934_scaffolds.fasta_bin.21	86.21	17.35	Gradient Boost (General Model)	4	0.839	7191	235.66216386819846	26432428	0.45	31684	None
A07_CKDN240018934_scaffolds.fasta_bin.22	12.83	0.0	Neural Network (Specific Model)	11	0.924	2702	247.60858585858585	317669	0.49	396	None
A07_CKDN240018934_scaffolds.fasta_bin.23	15.27	1.13	Neural Network (Specific Model)	11	0.874	5257	396.8880208333333	1042428	0.5	768	None
A07_CKDN240018934_scaffolds.fasta_bin.27	73.04	0.04	Gradient Boost (General Model)	11	0.917	6519	260.55799848369975	1122506	0.48	1319	None
A07_CKDN240018934_scaffolds.fasta_bin.28	74.5	25.76	Gradient Boost (General Model)	11	0.93	4475	304.0080676142912	2546711	0.59	2603	None
A07_CKDN240018934_scaffolds.fasta_bin.32	73.94	0.58	Neural Network (Specific Model)	11	0.929	9724	283.0410209662717	1000091	0.55	1097	None
A07_CKDN240018934_scaffolds.fasta_bin.35	10.33	0.15	Neural Network (Specific Model)	11	0.91	2439	250.98876404494382	293870	0.52	356	None
A07_CKDN240018934_scaffolds.fasta_bin.36	9.84	0.0	Neural Network (Specific Model)	11	0.933	224866	288.51903114186854	266966	0.48	289	None
A07_CKDN240018934_scaffolds.fasta_bin.41	72.1	2.83	Neural Network (Specific Model)	11	0.928	5501	240.2983479105928	1594029	0.65	2058	None
A07_CKDN240018934_scaffolds.fasta_bin.46	97.54	2.63	Gradient Boost (General Model)	11	0.945	19954	324.96332378223497	1796859	0.45	1745	None
A07_CKDN240018934_scaffolds.fasta_bin.55	28.09	0.79	Neural Network (Specific Model)	11	0.948	2802	280.8404401650619	644421	0.46	727	None
A07_CKDN240018934_scaffolds.fasta_bin.59	100.0	1.09	Gradient Boost (General Model)	11	0.918	23462	322.9332116788321	2884895	0.52	2740	None
A07_CKDN240018934_scaffolds.fasta_bin.61	75.16	2.89	Gradient Boost (General Model)	11	0.964	5637	279.882769472856	1103192	0.37	1271	None
A07_CKDN240018934_scaffolds.fasta_bin.64	9.98	0.12	Neural Network (Specific Model)	11	0.861	47042	243.3968253968254	319223	0.27	378	None
A07_CKDN240018934_scaffolds.fasta_bin.65	20.85	0.21	Neural Network (Specific Model)	11	0.89	90046	314.28978224455614	631278	0.32	597	None
A07_CKDN240018934_scaffolds.fasta_bin.69	82.52	1.61	Gradient Boost (General Model)	11	0.928	6431	313.344262295082	1664673	0.4	1647	None
A07_CKDN240018934_scaffolds.fasta_bin.73	55.91	0.37	Gradient Boost (General Model)	11	0.923	3404	261.9844398340249	819105	0.4	964	None
A07_CKDN240018934_scaffolds.fasta_bin.9	82.4	0.48	Neural Network (Specific Model)	11	0.93	12670	328.2329812206573	1802184	0.43	1704	None
A08_CKDN240018935_scaffolds.fasta_bin.1	23.92	1.47	Neural Network (Specific Model)	11	0.9	4403	411.16483516483515	1117994	0.5	819	None
A08_CKDN240018935_scaffolds.fasta_bin.22	86.91	2.59	Neural Network (Specific Model)	11	0.895	9226	290.02512315270934	1969765	0.51	2030	None
A08_CKDN240018935_scaffolds.fasta_bin.26	60.28	10.38	Gradient Boost (General Model)	11	0.943	2867	240.79599499374217	1219971	0.34	1598	None
A08_CKDN240018935_scaffolds.fasta_bin.29	96.5	0.18	Gradient Boost (General Model)	11	0.942	32491	287.2174952198853	1905068	0.51	2092	None
A08_CKDN240018935_scaffolds.fasta_bin.33	15.43	0.02	Neural Network (Specific Model)	11	0.928	2639	230.79900744416872	299681	0.56	403	None
A08_CKDN240018935_scaffolds.fasta_bin.36	40.97	0.06	Neural Network (Specific Model)	11	0.92	3943	290.0635144671842	1337953	0.54	1417	None
A08_CKDN240018935_scaffolds.fasta_bin.43	83.93	18.08	Gradient Boost (General Model)	4	0.84	7631	236.75909917381733	26251192	0.45	31349	None
A08_CKDN240018935_scaffolds.fasta_bin.47	21.06	0.06	Neural Network (Specific Model)	11	0.924	18812	269.32456140350877	298292	0.32	342	None
A08_CKDN240018935_scaffolds.fasta_bin.6	10.12	0.01	Neural Network (Specific Model)	11	0.944	9330	232.62686567164178	246368	0.31	335	None
A08_CKDN240018935_scaffolds.fasta_bin.7	10.17	0.1	Neural Network (Specific Model)	11	0.952	2621	278.80929095354526	358610	0.57	409	None
A08_CKDN240018935_scaffolds.fasta_bin.70	17.92	2.49	Neural Network (Specific Model)	11	0.896	3816	266.5270108043217	741780	0.34	833	None
A08_CKDN240018935_scaffolds.fasta_bin.73	80.41	0.0	Neural Network (Specific Model)	11	0.937	12263	267.74977578475335	952614	0.37	1115	None
A08_CKDN240018935_scaffolds.fasta_bin.9	6.35	0.02	Neural Network (Specific Model)	11	0.782	16818	285.66341463414636	447812	0.59	410	None
A09_CKDN240018936_scaffolds.fasta_bin.1	14.05	0.04	Neural Network (Specific Model)	11	0.912	2534	249.45823927765238	724851	0.59	886	None
A09_CKDN240018936_scaffolds.fasta_bin.12	59.48	8.64	Gradient Boost (General Model)	11	0.892	3074	257.65207448546226	2646087	0.55	3061	None
A09_CKDN240018936_scaffolds.fasta_bin.13	17.01	0.24	Neural Network (Specific Model)	11	0.953	2749	243.4100418410042	364849	0.34	478	None
A09_CKDN240018936_scaffolds.fasta_bin.14	99.01	0.0	Neural Network (Specific Model)	11	0.92	47639	314.67630744849447	2584950	0.55	2524	None
A09_CKDN240018936_scaffolds.fasta_bin.15	91.38	1.0	Gradient Boost (General Model)	11	0.959	14294	272.9646551724138	986479	0.34	1160	None
A09_CKDN240018936_scaffolds.fasta_bin.19	63.94	8.93	Neural Network (Specific Model)	11	0.951	5233	255.9864636209814	951048	0.29	1182	None
A09_CKDN240018936_scaffolds.fasta_bin.2	64.43	1.22	Neural Network (Specific Model)	11	0.937	4264	276.707779886148	1397993	0.38	1581	None
A09_CKDN240018936_scaffolds.fasta_bin.21	76.01	1.03	Neural Network (Specific Model)	11	0.936	7054	316.0609756097561	1657796	0.43	1640	None
A09_CKDN240018936_scaffolds.fasta_bin.37	59.36	0.28	Gradient Boost (General Model)	11	0.968	4281	269.1202928870293	793852	0.37	956	None
A09_CKDN240018936_scaffolds.fasta_bin.4	87.22	2.76	Gradient Boost (General Model)	11	0.949	4634	297.5523560209424	1433088	0.4	1528	None
A09_CKDN240018936_scaffolds.fasta_bin.41	94.96	2.92	Gradient Boost (General Model)	11	0.87	7155	270.7444785276074	3038832	0.48	3260	None
A09_CKDN240018936_scaffolds.fasta_bin.43	4.91	0.16	Neural Network (Specific Model)	11	0.83	5621	255.7664835164835	335624	0.58	364	None
A09_CKDN240018936_scaffolds.fasta_bin.44	96.42	0.49	Gradient Boost (General Model)	11	0.95	16861	297.4211994421199	2015270	0.66	2151	None
A09_CKDN240018936_scaffolds.fasta_bin.45	68.66	1.57	Neural Network (Specific Model)	11	0.929	4545	239.4199896426722	1488322	0.65	1931	None
A09_CKDN240018936_scaffolds.fasta_bin.48	78.29	0.35	Neural Network (Specific Model)	11	0.921	14711	266.9319186560566	980116	0.36	1131	None
A09_CKDN240018936_scaffolds.fasta_bin.5	52.88	5.43	Gradient Boost (General Model)	11	0.945	3072	245.84688644688646	1062887	0.32	1365	None
A09_CKDN240018936_scaffolds.fasta_bin.53	77.34	0.84	Neural Network (Specific Model)	11	0.941	7856	321.63816977724264	1700361	0.43	1661	None
A09_CKDN240018936_scaffolds.fasta_bin.55	82.84	1.81	Neural Network (Specific Model)	11	0.892	7995	282.38696326952925	1833554	0.51	1933	None
A09_CKDN240018936_scaffolds.fasta_bin.56	10.73	0.54	Neural Network (Specific Model)	11	0.916	2517	262.2169197396963	395254	0.4	461	None
A10_CKDN240018937_scaffolds.fasta_bin.10	81.2	1.55	Neural Network (Specific Model)	11	0.923	6744	281.9982363315697	2594337	0.61	2835	None
A10_CKDN240018937_scaffolds.fasta_bin.11	25.49	0.1	Neural Network (Specific Model)	11	0.937	2955	293.6766826923077	779806	0.58	832	None
A10_CKDN240018937_scaffolds.fasta_bin.15	99.98	98.44	Neural Network (Specific Model)	11	0.916	39400	300.0807664756447	5478398	0.51	5584	None
A10_CKDN240018937_scaffolds.fasta_bin.21	100.0	18.36	Gradient Boost (General Model)	4	0.854	4155	238.69460305765335	22552885	0.45	27145	None
A10_CKDN240018937_scaffolds.fasta_bin.23	99.59	0.0	Neural Network (Specific Model)	11	0.921	55239	316.11750305997555	2519396	0.55	2451	None
A10_CKDN240018937_scaffolds.fasta_bin.25	47.43	0.05	Neural Network (Specific Model)	11	0.924	3842	280.4761904761905	1393521	0.44	1533	None
A10_CKDN240018937_scaffolds.fasta_bin.26	19.31	1.13	Neural Network (Specific Model)	11	0.793	3403	386.88378378378377	1080014	0.41	740	None
A10_CKDN240018937_scaffolds.fasta_bin.32	55.32	2.87	Gradient Boost (General Model)	11	0.948	3159	282.9990272373541	918190	0.4	1028	None
A10_CKDN240018937_scaffolds.fasta_bin.33	57.3	2.95	Neural Network (Specific Model)	11	0.961	5229	264.69154228855723	828135	0.29	1005	None
A10_CKDN240018937_scaffolds.fasta_bin.4	5.86	0.02	Neural Network (Specific Model)	11	0.738	24187	323.6218487394958	467876	0.64	357	None
A10_CKDN240018937_scaffolds.fasta_bin.47	69.88	1.48	Gradient Boost (General Model)	11	0.942	4156	275.93330039525694	1774179	0.52	2024	None
A11_CKDN240018938_scaffolds.fasta_bin.10	69.22	1.18	Gradient Boost (General Model)	11	0.916	9003	299.9586674892042	1588738	0.49	1621	None
A11_CKDN240018938_scaffolds.fasta_bin.14	54.07	0.01	Gradient Boost (General Model)	11	0.948	3362	286.4332925336597	1477813	0.61	1634	None
A11_CKDN240018938_scaffolds.fasta_bin.15	33.71	0.26	Neural Network (Specific Model)	11	0.918	2991	292.2570888468809	1512281	0.72	1587	None
A11_CKDN240018938_scaffolds.fasta_bin.20	86.35	0.09	Neural Network (Specific Model)	11	0.958	8657	277.2699044585987	1086409	0.35	1256	None
A11_CKDN240018938_scaffolds.fasta_bin.24	43.73	0.07	Gradient Boost (General Model)	11	0.94	3130	260.56631762652705	950576	0.66	1146	None
A11_CKDN240018938_scaffolds.fasta_bin.32	8.3	0.16	Neural Network (Specific Model)	11	0.857	3772	336.9068100358423	655100	0.57	558	None
A11_CKDN240018938_scaffolds.fasta_bin.33	92.17	0.21	Neural Network (Specific Model)	11	0.934	33549	333.281045751634	1797185	0.45	1683	None
A11_CKDN240018938_scaffolds.fasta_bin.36	79.19	0.04	Neural Network (Specific Model)	11	0.961	13116	283.2967441860465	947621	0.29	1075	None
A11_CKDN240018938_scaffolds.fasta_bin.40	69.54	1.83	Neural Network (Specific Model)	11	0.933	9884	282.31451612903226	1010507	0.55	1116	None
A11_CKDN240018938_scaffolds.fasta_bin.41	30.48	0.04	Neural Network (Specific Model)	11	0.93	2902	261.98677998111424	893874	0.34	1059	None
A11_CKDN240018938_scaffolds.fasta_bin.46	34.31	0.47	Neural Network (Specific Model)	11	0.916	3033	275.22859744990893	988137	0.54	1098	None
A11_CKDN240018938_scaffolds.fasta_bin.48	49.45	1.94	Gradient Boost (General Model)	11	0.951	3374	273.85962473940236	1239384	0.4	1439	None
A11_CKDN240018938_scaffolds.fasta_bin.6	26.7	1.42	Neural Network (Specific Model)	11	0.956	3724	302.09429280397023	762061	0.4	806	None
A12_CKDN240018939_scaffolds.fasta_bin.2	22.86	0.22	Neural Network (Specific Model)	11	0.955	2708	278.73979591836735	513440	0.56	588	None
A12_CKDN240018939_scaffolds.fasta_bin.26	70.65	0.04	Gradient Boost (General Model)	11	0.928	3884	269.0077704722056	1450894	0.66	1673	None
A12_CKDN240018939_scaffolds.fasta_bin.29	94.54	1.04	Neural Network (Specific Model)	11	0.957	21341	295.196875	1180838	0.35	1280	None
A12_CKDN240018939_scaffolds.fasta_bin.31	77.58	3.1	Neural Network (Specific Model)	11	0.951	11009	273.6053333333333	967692	0.3	1125	None
A12_CKDN240018939_scaffolds.fasta_bin.34	7.46	0.0	Neural Network (Specific Model)	11	0.919	2535	246.0327380952381	269131	0.53	336	None
A12_CKDN240018939_scaffolds.fasta_bin.36	53.38	2.8	Gradient Boost (General Model)	11	0.909	3735	266.89830508474574	1660355	0.55	1888	None
A12_CKDN240018939_scaffolds.fasta_bin.37	79.08	0.23	Neural Network (Specific Model)	11	0.941	11896	328.2622274602239	1773596	0.43	1697	None
A12_CKDN240018939_scaffolds.fasta_bin.38	100.0	62.06	Neural Network (Specific Model)	11	0.919	16748	286.35607117934404	5343615	0.51	5732	None
A12_CKDN240018939_scaffolds.fasta_bin.44	82.44	3.32	Gradient Boost (General Model)	11	0.951	8996	267.7800982800983	1370816	0.34	1628	None
A12_CKDN240018939_scaffolds.fasta_bin.45	28.03	0.18	Neural Network (Specific Model)	11	0.952	4352	303.0767230169051	732237	0.4	769	None
A12_CKDN240018939_scaffolds.fasta_bin.6	6.77	0.02	Neural Network (Specific Model)	11	0.929	8439	223.97222222222223	233298	0.3	324	None
A12_CKDN240018939_scaffolds.fasta_bin.9	58.41	3.71	Neural Network (Specific Model)	11	0.962	6473	267.54035087719296	948099	0.29	1140	None
A13_CKDN240018940_scaffolds.fasta_bin.14	23.1	0.0	Neural Network (Specific Model)	11	0.926	2806	273.7264957264957	724910	0.38	819	None
A13_CKDN240018940_scaffolds.fasta_bin.15	9.95	0.0	Neural Network (Specific Model)	11	0.934	2531	253.952802359882	276131	0.35	339	None
A13_CKDN240018940_scaffolds.fasta_bin.20	65.32	1.02	Gradient Boost (General Model)	11	0.921	3794	269.5257936507937	882631	0.4	1008	None
A13_CKDN240018940_scaffolds.fasta_bin.27	5.85	0.02	Neural Network (Specific Model)	11	0.862	3947	337.4214463840399	468703	0.58	401	None
A13_CKDN240018940_scaffolds.fasta_bin.34	58.77	2.77	Gradient Boost (General Model)	11	0.938	3372	264.43330821401656	1119950	0.36	1327	None
A13_CKDN240018940_scaffolds.fasta_bin.35	5.68	0.0	Neural Network (Specific Model)	11	0.941	8090	221.6206896551724	203785	0.32	290	None
A13_CKDN240018940_scaffolds.fasta_bin.39	58.08	0.76	Gradient Boost (General Model)	11	0.918	3529	302.0547887913007	2357093	0.72	2391	None
A13_CKDN240018940_scaffolds.fasta_bin.42	12.11	0.0	Neural Network (Specific Model)	11	0.923	2483	235.28813559322035	404257	0.44	531	None
A13_CKDN240018940_scaffolds.fasta_bin.5	74.98	0.99	Gradient Boost (General Model)	11	0.934	8909	317.9652641878669	2084484	0.43	2044	None
A13_CKDN240018940_scaffolds.fasta_bin.56	92.88	0.09	Neural Network (Specific Model)	11	0.951	21003	294.78897637795274	1176650	0.35	1270	None
A13_CKDN240018940_scaffolds.fasta_bin.57	84.24	2.17	Neural Network (Specific Model)	11	0.941	9034	305.94099216710185	1863294	0.38	1915	None
A13_CKDN240018940_scaffolds.fasta_bin.58	65.29	16.21	Gradient Boost (General Model)	11	0.934	3478	207.61604361370718	1699010	0.39	2568	None
A13_CKDN240018940_scaffolds.fasta_bin.6	10.45	0.2	Neural Network (Specific Model)	11	0.946	2531	280.63604240282683	251297	0.62	283	None
A13_CKDN240018940_scaffolds.fasta_bin.60	63.38	1.38	Neural Network (Specific Model)	11	0.913	4505	287.8860103626943	1823951	0.54	1930	None
A13_CKDN240018940_scaffolds.fasta_bin.62	48.5	0.37	Gradient Boost (General Model)	11	0.95	3358	295.3546047860769	1282450	0.61	1379	None
A13_CKDN240018940_scaffolds.fasta_bin.9	24.46	0.03	Neural Network (Specific Model)	11	0.925	2932	250.02286401925392	672172	0.5	831	None
A14_CKDN240018941_scaffolds.fasta_bin.1	26.68	0.17	Neural Network (Specific Model)	11	0.953	2929	240.48097826086956	555325	0.67	736	None
A14_CKDN240018941_scaffolds.fasta_bin.11	75.74	0.61	Neural Network (Specific Model)	11	0.961	7368	270.6247877758913	991609	0.35	1178	None
A14_CKDN240018941_scaffolds.fasta_bin.15	88.97	2.64	Neural Network (Specific Model)	11	0.951	19144	331.9913644214162	1815312	0.45	1737	None
A14_CKDN240018941_scaffolds.fasta_bin.17	9.25	0.0	Neural Network (Specific Model)	11	0.884	3165	270.6791744840525	488733	0.45	533	None
A14_CKDN240018941_scaffolds.fasta_bin.22	99.45	1.1	Neural Network (Specific Model)	11	0.921	29164	309.27877138413686	2584648	0.55	2572	None
A14_CKDN240018941_scaffolds.fasta_bin.23	4.88	0.0	Neural Network (Specific Model)	11	0.938	4010	215.877030162413	295670	0.38	431	None
A14_CKDN240018941_scaffolds.fasta_bin.34	12.37	0.0	Neural Network (Specific Model)	11	0.929	2450	247.36283185840708	539940	0.56	678	None
A14_CKDN240018941_scaffolds.fasta_bin.38	11.64	0.23	Neural Network (Specific Model)	11	0.93	5041	260.4891461649783	578762	0.39	691	None
A14_CKDN240018941_scaffolds.fasta_bin.42	21.06	0.02	Neural Network (Specific Model)	11	0.933	2772	256.7203125	527099	0.36	640	None
A14_CKDN240018941_scaffolds.fasta_bin.46	34.06	3.94	Neural Network (Specific Model)	11	0.96	2718	241.84649776453054	504461	0.53	671	None
A14_CKDN240018941_scaffolds.fasta_bin.48	72.77	3.84	Neural Network (Specific Model)	11	0.955	5722	263.6499176276771	1001796	0.3	1214	None
A14_CKDN240018941_scaffolds.fasta_bin.49	5.77	0.13	Neural Network (Specific Model)	11	0.947	4248	219.8096590909091	243763	0.38	352	None
A14_CKDN240018941_scaffolds.fasta_bin.5	70.19	4.13	Neural Network (Specific Model)	11	0.961	4783	265.1283662477558	918453	0.35	1114	None
A14_CKDN240018941_scaffolds.fasta_bin.51	84.42	6.88	Neural Network (Specific Model)	11	0.889	12636	275.2617702448211	2459766	0.51	2655	None
A14_CKDN240018941_scaffolds.fasta_bin.52	91.33	0.78	Gradient Boost (General Model)	11	0.942	7337	298.84500267236774	1775253	0.49	1871	None
A14_CKDN240018941_scaffolds.fasta_bin.55	63.3	1.22	Gradient Boost (General Model)	11	0.943	3686	281.67680865449626	1322217	0.38	1479	None
A14_CKDN240018941_scaffolds.fasta_bin.6	29.97	9.92	Neural Network (Specific Model)	11	0.933	3454	210.97352245862885	1424847	0.37	2115	None
A14_CKDN240018941_scaffolds.fasta_bin.7	93.05	2.36	Gradient Boost (General Model)	11	0.881	6933	290.34614424756677	3954734	0.51	4007	None
A15_CKDN240018942_scaffolds.fasta_bin.10	10.63	0.0	Neural Network (Specific Model)	11	0.928	9661	311.93318965517244	466505	0.6	464	None
A15_CKDN240018942_scaffolds.fasta_bin.15	99.11	9.02	Gradient Boost (General Model)	11	0.901	87381	355.2496368917937	6505593	0.47	5508	None
A15_CKDN240018942_scaffolds.fasta_bin.16	44.57	0.01	Gradient Boost (General Model)	11	0.925	2889	275.4435779816514	1943062	0.66	2180	None
A15_CKDN240018942_scaffolds.fasta_bin.19	74.96	8.11	Gradient Boost (General Model)	11	0.91	3499	257.5990888382688	1861961	0.46	2195	None
A15_CKDN240018942_scaffolds.fasta_bin.27	77.49	2.16	Gradient Boost (General Model)	11	0.844	7160	293.21094017094015	3040029	0.48	2925	None
A15_CKDN240018942_scaffolds.fasta_bin.29	58.41	20.2	Gradient Boost (General Model)	11	0.891	3198	282.81532663316585	6052484	0.62	6368	None
A15_CKDN240018942_scaffolds.fasta_bin.37	99.41	3.23	Gradient Boost (General Model)	11	0.934	257723	310.59872068230277	2334023	0.48	2345	None
A15_CKDN240018942_scaffolds.fasta_bin.39	56.64	0.23	Neural Network (Specific Model)	11	0.865	435121	385.06943073379404	4056813	0.46	3039	None
A15_CKDN240018942_scaffolds.fasta_bin.40	56.8	4.61	Gradient Boost (General Model)	11	0.939	4041	284.54882924043403	3177170	0.65	3502	None
A15_CKDN240018942_scaffolds.fasta_bin.44	3.83	0.0	Neural Network (Specific Model)	11	0.89	12368	249.3723849372385	200173	0.59	239	None
A15_CKDN240018942_scaffolds.fasta_bin.45	87.35	29.81	Gradient Boost (General Model)	11	0.917	3547	257.13283103111485	6014844	0.54	7167	None
A15_CKDN240018942_scaffolds.fasta_bin.47	100.0	0.22	Gradient Boost (General Model)	11	0.894	80092	355.1795782989813	5025401	0.65	4221	None
A15_CKDN240018942_scaffolds.fasta_bin.49	96.55	0.98	Gradient Boost (General Model)	11	0.86	135500	362.57216379503245	5644665	0.59	4469	None
A15_CKDN240018942_scaffolds.fasta_bin.52	92.24	1.48	Neural Network (Specific Model)	11	0.916	34038	303.637403689003	4251610	0.57	4283	None
A15_CKDN240018942_scaffolds.fasta_bin.55	96.03	3.7	Gradient Boost (General Model)	11	0.933	66797	320.6812270756919	3088005	0.67	2999	None
A15_CKDN240018942_scaffolds.fasta_bin.58	10.81	0.3	Neural Network (Specific Model)	11	0.946	5167	282.93650793650795	394698	0.61	441	None
A15_CKDN240018942_scaffolds.fasta_bin.6	78.56	2.4	Neural Network (Specific Model)	11	0.875	14450	290.8134965831435	3491212	0.65	3512	None
A15_CKDN240018942_scaffolds.fasta_bin.60	97.83	0.4	Gradient Boost (General Model)	11	0.918	530027	359.1928087545597	4499924	0.61	3838	None
A15_CKDN240018942_scaffolds.fasta_bin.67	89.82	0.41	Neural Network (Specific Model)	11	0.939	16650	332.15008361204013	2533682	0.39	2392	None
A15_CKDN240018942_scaffolds.fasta_bin.68	12.59	0.05	Neural Network (Specific Model)	11	0.925	2697	284.2359307359307	850537	0.55	924	None
A15_CKDN240018942_scaffolds.fasta_bin.73	95.54	0.44	Gradient Boost (General Model)	11	0.912	179896	327.23393908369593	4198667	0.66	3907	None
A15_CKDN240018942_scaffolds.fasta_bin.74	100.0	4.53	Neural Network (Specific Model)	11	0.902	562229	313.6766939252336	3565960	0.56	3424	None
A15_CKDN240018942_scaffolds.fasta_bin.77	88.59	1.49	Gradient Boost (General Model)	11	0.818	8857	338.925313283208	7427828	0.63	5985	None
A15_CKDN240018942_scaffolds.fasta_bin.79	100.0	82.58	Gradient Boost (General Model)	11	0.932	35563	303.02440230832644	5905104	0.62	6065	None
A15_CKDN240018942_scaffolds.fasta_bin.8	5.5	0.02	Neural Network (Specific Model)	11	0.913	2406	239.8753894080997	252415	0.7	321	None
A15_CKDN240018942_scaffolds.fasta_bin.80	81.56	4.21	Gradient Boost (General Model)	11	0.904	9569	286.0105596620908	3586339	0.61	3788	None
A15_CKDN240018942_scaffolds.fasta_bin.81	77.68	34.58	Gradient Boost (General Model)	11	0.923	3556	257.03405297128865	7492356	0.62	8986	None
A15_CKDN240018942_scaffolds.fasta_bin.87	99.96	0.21	Neural Network (Specific Model)	11	0.838	55837	361.827018121911	6281950	0.49	4856	None
A15_CKDN240018942_scaffolds.fasta_bin.9	100.0	0.52	Gradient Boost (General Model)	11	0.904	40959	326.34090909090907	4758544	0.68	4400	None
A15_CKDN240018942_scaffolds.fasta_bin.90	89.72	1.5	Gradient Boost (General Model)	11	0.871	14377	347.6833300914219	6148571	0.64	5141	None
A01_CKDN240018928_scaffolds.fasta_bin.10	7.42	0.06	Neural Network (Specific Model)	11	0.933	12533	249.6987951807229	397651	0.39	498	None
A01_CKDN240018928_scaffolds.fasta_bin.12	17.34	1.32	Neural Network (Specific Model)	11	0.936	6362	235.32309941520467	513399	0.35	684	None
A01_CKDN240018928_scaffolds.fasta_bin.15	4.82	0.05	Neural Network (Specific Model)	11	0.897	22493	283.1759530791789	322587	0.34	341	None
A01_CKDN240018928_scaffolds.fasta_bin.37	18.28	0.58	Neural Network (Specific Model)	11	0.903	5266	234.20151515151514	511287	0.34	660	None
A01_CKDN240018928_scaffolds.fasta_bin.38	29.27	0.6	Neural Network (Specific Model)	11	0.938	4825	316.3778014941302	946124	0.55	937	None
A01_CKDN240018928_scaffolds.fasta_bin.4	58.58	0.56	Neural Network (Specific Model)	11	0.963	4800	262.12444444444446	732859	0.3	900	None
A01_CKDN240018928_scaffolds.fasta_bin.40	89.44	0.06	Gradient Boost (General Model)	11	0.916	55436	379.42220172201723	4037215	0.72	3252	None
A01_CKDN240018928_scaffolds.fasta_bin.6	72.81	0.0	Gradient Boost (General Model)	11	0.917	4818	253.3687150837989	1184653	0.48	1432	None
A02_CKDN240018929_scaffolds.fasta_bin.1	81.04	30.85	Neural Network (Specific Model)	11	0.943	6233	275.82098481362175	1899905	0.58	2173	None
A02_CKDN240018929_scaffolds.fasta_bin.2	22.97	0.95	Neural Network (Specific Model)	11	0.856	4886	265.2216494845361	900670	0.2	970	None
A02_CKDN240018929_scaffolds.fasta_bin.24	10.36	0.15	Neural Network (Specific Model)	11	0.897	4982	247.60917941585535	592336	0.42	719	None
A02_CKDN240018929_scaffolds.fasta_bin.25	39.92	6.29	Neural Network (Specific Model)	11	0.226	2717	85.80654545454546	4666176	0.28	4125	None
A02_CKDN240018929_scaffolds.fasta_bin.26	11.62	0.0	Neural Network (Specific Model)	11	0.924	15784	225.486646884273	245331	0.38	337	None
A02_CKDN240018929_scaffolds.fasta_bin.27	26.02	1.76	Neural Network (Specific Model)	11	0.922	53507	237.92565055762083	829191	0.38	1076	None
A02_CKDN240018929_scaffolds.fasta_bin.30	10.53	0.0	Neural Network (Specific Model)	11	0.898	4951	210.45023696682463	294630	0.4	422	None
A02_CKDN240018929_scaffolds.fasta_bin.32	89.0	0.22	Neural Network (Specific Model)	11	0.915	83263	300.88838095238094	2584311	0.53	2625	None
A02_CKDN240018929_scaffolds.fasta_bin.38	95.23	7.96	Gradient Boost (General Model)	11	0.897	15142	317.7386144964721	3307420	0.37	3118	None
A02_CKDN240018929_scaffolds.fasta_bin.48	78.43	0.28	Neural Network (Specific Model)	11	0.954	14096	282.0359066427289	984779	0.3	1114	None
A02_CKDN240018929_scaffolds.fasta_bin.53	49.38	2.72	Gradient Boost (General Model)	11	0.902	3352	263.7310690423163	1572602	0.32	1796	None
A02_CKDN240018929_scaffolds.fasta_bin.54	99.88	0.09	Neural Network (Specific Model)	11	0.921	49232	314.4387225548902	2559517	0.55	2505	None
A02_CKDN240018929_scaffolds.fasta_bin.56	72.56	0.06	Gradient Boost (General Model)	11	0.908	5013	255.28534031413614	964591	0.48	1146	None
A02_CKDN240018929_scaffolds.fasta_bin.58	35.98	0.38	Neural Network (Specific Model)	11	0.931	3110	291.5464480874317	1887098	0.55	2013	None
A02_CKDN240018929_scaffolds.fasta_bin.60	9.23	0.03	Neural Network (Specific Model)	11	0.908	5400	299.2549668874172	595583	0.57	604	None
A02_CKDN240018929_scaffolds.fasta_bin.63	6.08	0.0	Neural Network (Specific Model)	11	0.944	2595	245.84244372990355	241792	0.63	311	None
A02_CKDN240018929_scaffolds.fasta_bin.67	76.6	11.74	Neural Network (Specific Model)	11	0.961	6266	270.4586709886548	1038445	0.3	1234	None
A02_CKDN240018929_scaffolds.fasta_bin.71	5.73	0.0	Neural Network (Specific Model)	11	0.925	8530	251.40485829959513	200855	0.41	247	None
A02_CKDN240018929_scaffolds.fasta_bin.73	99.79	93.06	Neural Network (Specific Model)	11	0.916	49455	301.3513853904282	5476562	0.51	5558	None
A02_CKDN240018929_scaffolds.fasta_bin.75	9.18	0.0	Neural Network (Specific Model)	11	0.924	10350	236.0193548387097	236710	0.31	310	None
A02_CKDN240018929_scaffolds.fasta_bin.80	13.23	0.02	Neural Network (Specific Model)	11	0.917	2818	232.68450704225353	269569	0.37	355	None
A02_CKDN240018929_scaffolds.fasta_bin.81	28.97	0.68	Neural Network (Specific Model)	11	0.925	3050	265.2624481327801	827688	0.38	964	None
A03_CKDN240018930_scaffolds.fasta_bin.1	27.67	1.54	Neural Network (Specific Model)	11	0.932	3368	269.29716981132077	733114	0.4	848	None
A03_CKDN240018930_scaffolds.fasta_bin.10	9.35	0.0	Neural Network (Specific Model)	11	0.933	2450	264.3008595988539	295900	0.59	349	None
A03_CKDN240018930_scaffolds.fasta_bin.15	22.09	0.07	Neural Network (Specific Model)	11	0.921	4276	263.8203883495146	706517	0.52	824	None
A03_CKDN240018930_scaffolds.fasta_bin.2	87.72	11.95	Neural Network (Specific Model)	11	0.899	11195	276.15584415584414	2618761	0.51	2849	None
A03_CKDN240018930_scaffolds.fasta_bin.26	37.88	1.0	Neural Network (Specific Model)	11	0.927	3341	269.1007092198582	1225410	0.55	1410	None
A03_CKDN240018930_scaffolds.fasta_bin.27	74.52	1.92	Neural Network (Specific Model)	11	0.927	14815	282.97627737226276	1000191	0.55	1096	None
A03_CKDN240018930_scaffolds.fasta_bin.32	90.66	0.04	Neural Network (Specific Model)	11	0.957	31253	298.46350931677017	1201269	0.35	1288	None
A03_CKDN240018930_scaffolds.fasta_bin.35	10.29	0.0	Neural Network (Specific Model)	11	0.933	12842	243.61344537815125	278347	0.36	357	None
A03_CKDN240018930_scaffolds.fasta_bin.43	43.94	0.03	Neural Network (Specific Model)	11	0.919	4168	291.70599739243806	1458196	0.54	1534	None
A03_CKDN240018930_scaffolds.fasta_bin.5	13.96	0.55	Neural Network (Specific Model)	11	0.926	2678	237.21223021582733	426348	0.57	556	None
A03_CKDN240018930_scaffolds.fasta_bin.59	99.93	0.01	Neural Network (Specific Model)	11	0.92	61375	313.9322709163347	2563536	0.55	2510	None
A03_CKDN240018930_scaffolds.fasta_bin.6	92.01	5.04	Gradient Boost (General Model)	11	0.916	16803	305.82334494773517	2870496	0.57	2870	None
A03_CKDN240018930_scaffolds.fasta_bin.64	57.53	5.35	Gradient Boost (General Model)	11	0.956	3979	254.81052631578947	757726	0.31	950	None
A03_CKDN240018930_scaffolds.fasta_bin.79	81.92	1.12	Gradient Boost (General Model)	11	0.906	8479	307.70509499136443	2357176	0.52	2316	None
A03_CKDN240018930_scaffolds.fasta_bin.8	20.0	5.26	Neural Network (Specific Model)	4	0.854	2444	219.3174515235457	1378435	0.45	1805	None
A03_CKDN240018930_scaffolds.fasta_bin.81	95.09	13.95	Gradient Boost (General Model)	11	0.926	9704	303.4775041050903	2988279	0.52	3045	None
A03_CKDN240018930_scaffolds.fasta_bin.87	7.48	0.0	Neural Network (Specific Model)	11	0.922	5186	221.12941176470588	243510	0.33	340	None
A04_CKDN240018931_scaffolds.fasta_bin.14	24.16	0.46	Neural Network (Specific Model)	11	0.903	15650	307.19806763285027	842895	0.55	828	None
A04_CKDN240018931_scaffolds.fasta_bin.2	70.66	0.01	Neural Network (Specific Model)	11	0.949	5624	254.90760346487008	834797	0.37	1039	None
A04_CKDN240018931_scaffolds.fasta_bin.24	100.0	57.69	Gradient Boost (General Model)	11	0.771	12411	275.26602870813394	26766675	0.39	25080	None
A04_CKDN240018931_scaffolds.fasta_bin.29	62.28	1.95	Gradient Boost (General Model)	11	0.916	4365	267.64381360471344	1631711	0.66	1867	None
A04_CKDN240018931_scaffolds.fasta_bin.31	77.94	0.06	Neural Network (Specific Model)	11	0.957	22374	290.7128252788104	977903	0.3	1076	None
A04_CKDN240018931_scaffolds.fasta_bin.45	78.5	0.1	Neural Network (Specific Model)	11	0.929	13434	321.8955399061033	1768384	0.43	1704	None
A04_CKDN240018931_scaffolds.fasta_bin.54	1.25	5.29	Neural Network (Specific Model)	4	0.771	20608	249.4362850971922	890273	0.47	926	None
A04_CKDN240018931_scaffolds.fasta_bin.55	4.18	3.35	Neural Network (Specific Model)	4	0.78	10535	235.87533875338752	663234	0.46	738	None
A04_CKDN240018931_scaffolds.fasta_bin.56	68.09	2.63	Gradient Boost (General Model)	11	0.952	6856	301.6836676217765	1654658	0.49	1745	None
A04_CKDN240018931_scaffolds.fasta_bin.58	54.35	0.01	Neural Network (Specific Model)	11	0.898	27506	289.1346726190476	1294817	0.5	1344	None
A04_CKDN240018931_scaffolds.fasta_bin.60	45.34	3.07	Neural Network (Specific Model)	11	0.945	3915	295.2576530612245	1100136	0.43	1176	None
A04_CKDN240018931_scaffolds.fasta_bin.63	46.19	6.63	Gradient Boost (General Model)	11	0.946	2804	278.5004500450045	978688	0.4	1111	None
A04_CKDN240018931_scaffolds.fasta_bin.64	7.17	0.0	Neural Network (Specific Model)	11	0.917	4946	261.6615969581749	224664	0.39	263	None
A04_CKDN240018931_scaffolds.fasta_bin.65	59.74	0.8	Gradient Boost (General Model)	11	0.968	3849	264.50604838709677	809825	0.37	992	None
A04_CKDN240018931_scaffolds.fasta_bin.7	3.73	0.02	Neural Network (Specific Model)	4	0.733	3217	195.17008196721312	386501	0.37	488	None
A04_CKDN240018931_scaffolds.fasta_bin.78	99.94	0.0	Neural Network (Specific Model)	11	0.916	66994	314.2152304609218	2560591	0.55	2495	None
A04_CKDN240018931_scaffolds.fasta_bin.8	8.51	0.06	Neural Network (Specific Model)	11	0.895	2484	327.9484882418813	980091	0.57	893	None
A04_CKDN240018931_scaffolds.fasta_bin.9	12.77	0.06	Neural Network (Specific Model)	11	0.939	2524	244.1624203821656	244086	0.58	314	None
A05_CKDN240018932_scaffolds.fasta_bin.1	72.69	0.67	Neural Network (Specific Model)	11	0.931	13668	285.2271863117871	963879	0.55	1052	None
A05_CKDN240018932_scaffolds.fasta_bin.12	11.37	0.17	Neural Network (Specific Model)	11	0.959	2621	279.239175257732	422475	0.59	485	None
A05_CKDN240018932_scaffolds.fasta_bin.17	4.46	0.0	Neural Network (Specific Model)	11	0.749	4192	235.35772357723576	230775	0.38	246	None
A05_CKDN240018932_scaffolds.fasta_bin.20	6.78	8.48	Neural Network (Specific Model)	11	0.835	2568	224.103478566409	4559217	0.45	5692	None
A05_CKDN240018932_scaffolds.fasta_bin.21	21.08	0.18	Neural Network (Specific Model)	11	0.917	6684	301.30320150659134	522253	0.32	531	None
A05_CKDN240018932_scaffolds.fasta_bin.24	32.48	0.82	Neural Network (Specific Model)	11	0.944	3073	270.536756126021	735351	0.37	857	None
A05_CKDN240018932_scaffolds.fasta_bin.40	97.64	3.17	Gradient Boost (General Model)	11	0.93	55414	375.56346017489955	5116279	0.55	4231	None
A05_CKDN240018932_scaffolds.fasta_bin.50	31.17	0.56	Neural Network (Specific Model)	11	0.916	3023	275.88752556237216	882052	0.54	978	None
A05_CKDN240018932_scaffolds.fasta_bin.52	35.2	0.16	Neural Network (Specific Model)	11	0.9	3119	258.1392785571142	1713578	0.63	1996	None
A05_CKDN240018932_scaffolds.fasta_bin.63	9.22	0.01	Neural Network (Specific Model)	11	0.95	2769	290.4642857142857	281491	0.44	308	None
A05_CKDN240018932_scaffolds.fasta_bin.64	95.86	4.54	Gradient Boost (General Model)	11	0.919	9446	298.38497652582157	2693371	0.57	2769	None
A05_CKDN240018932_scaffolds.fasta_bin.67	89.9	0.26	Neural Network (Specific Model)	11	0.953	33599	294.8553846153846	1201849	0.35	1300	None
A05_CKDN240018932_scaffolds.fasta_bin.68	88.91	0.04	Neural Network (Specific Model)	11	0.943	20585	325.89627659574467	1944280	0.38	1880	None
A05_CKDN240018932_scaffolds.fasta_bin.69	23.95	1.34	Neural Network (Specific Model)	11	0.928	2845	278.4744623655914	667585	0.54	744	None
A05_CKDN240018932_scaffolds.fasta_bin.72	17.08	6.56	Neural Network (Specific Model)	4	0.86	2445	214.4744838332684	1904175	0.45	2567	None
A05_CKDN240018932_scaffolds.fasta_bin.74	60.34	0.03	Gradient Boost (General Model)	11	0.904	4228	264.29178800232967	1501809	0.66	1717	None
A05_CKDN240018932_scaffolds.fasta_bin.78	27.96	0.11	Neural Network (Specific Model)	11	0.952	3170	258.3687707641196	488883	0.57	602	None
A06_CKDN240018933_scaffolds.fasta_bin.13	19.28	0.03	Neural Network (Specific Model)	11	0.851	2555	252.16917293233084	944364	0.48	1064	None
A06_CKDN240018933_scaffolds.fasta_bin.15	20.34	0.14	Neural Network (Specific Model)	11	0.964	2675	240.45807770961144	364323	0.51	489	None
A06_CKDN240018933_scaffolds.fasta_bin.2	6.51	0.0	Neural Network (Specific Model)	11	0.905	2579	241.43126684636118	296185	0.4	371	None
A06_CKDN240018933_scaffolds.fasta_bin.21	45.49	0.21	Gradient Boost (General Model)	11	0.919	3213	292.2479135984291	1940618	0.72	2037	None
A06_CKDN240018933_scaffolds.fasta_bin.23	19.6	0.43	Neural Network (Specific Model)	11	0.94	2896	251.7332339791356	537744	0.66	671	None
A06_CKDN240018933_scaffolds.fasta_bin.24	85.98	0.15	Gradient Boost (General Model)	11	0.96	31847	284.6138519924099	934319	0.34	1054	None
A06_CKDN240018933_scaffolds.fasta_bin.28	71.48	0.33	Neural Network (Specific Model)	11	0.965	12016	282.8447339847991	807380	0.29	921	None
A06_CKDN240018933_scaffolds.fasta_bin.29	56.18	0.68	Neural Network (Specific Model)	11	0.95	3827	258.8486096807415	791259	0.47	971	None
A06_CKDN240018933_scaffolds.fasta_bin.3	39.03	1.82	Neural Network (Specific Model)	11	0.944	2805	239.07238229093466	1077997	0.58	1423	None
A06_CKDN240018933_scaffolds.fasta_bin.30	41.21	0.61	Gradient Boost (General Model)	11	0.925	3578	265.73045822102426	957015	0.5	1113	None
A06_CKDN240018933_scaffolds.fasta_bin.37	19.14	0.78	Neural Network (Specific Model)	11	0.885	2609	256.2507522567703	864611	0.45	997	None
A06_CKDN240018933_scaffolds.fasta_bin.4	32.07	0.09	Neural Network (Specific Model)	11	0.917	3178	205.55316455696203	529800	0.33	790	None
A06_CKDN240018933_scaffolds.fasta_bin.42	31.09	0.32	Neural Network (Specific Model)	11	0.938	2851	286.4835868694956	1141287	0.53	1249	None
A06_CKDN240018933_scaffolds.fasta_bin.44	8.84	0.01	Neural Network (Specific Model)	11	0.915	2504	267.18835616438355	255323	0.53	292	None
A06_CKDN240018933_scaffolds.fasta_bin.48	27.13	0.1	Neural Network (Specific Model)	11	0.914	2755	207.77959697733	539096	0.64	794	None
A06_CKDN240018933_scaffolds.fasta_bin.50	66.39	2.66	Neural Network (Specific Model)	11	0.909	4677	272.2158452900811	1438254	0.51	1603	None
A06_CKDN240018933_scaffolds.fasta_bin.51	84.25	1.32	Neural Network (Specific Model)	11	0.942	9657	306.7017453798768	1898594	0.38	1948	None
A06_CKDN240018933_scaffolds.fasta_bin.9	75.41	2.13	Gradient Boost (General Model)	11	0.967	7310	278.70117845117846	1022784	0.37	1188	None
A07_CKDN240018934_scaffolds.fasta_bin.13	73.2	8.86	Gradient Boost (General Model)	11	0.917	3731	279.41191381495565	1438764	0.36	1578	None
A07_CKDN240018934_scaffolds.fasta_bin.14	9.38	0.0	Neural Network (Specific Model)	11	0.952	2647	281.5450980392157	225700	0.6	255	None
A07_CKDN240018934_scaffolds.fasta_bin.15	32.78	0.02	Neural Network (Specific Model)	11	0.921	2939	263.9083094555874	897636	0.49	1047	None
A07_CKDN240018934_scaffolds.fasta_bin.17	99.84	0.11	Neural Network (Specific Model)	11	0.921	49385	313.256612712199	2580467	0.55	2533	None
A07_CKDN240018934_scaffolds.fasta_bin.24	21.57	0.13	Neural Network (Specific Model)	11	0.9	3157	250.155505107832	732987	0.58	881	None
A07_CKDN240018934_scaffolds.fasta_bin.29	82.47	3.17	Neural Network (Specific Model)	11	0.944	22998	276.96153846153845	958284	0.3	1092	None
A07_CKDN240018934_scaffolds.fasta_bin.33	84.36	0.2	Neural Network (Specific Model)	11	0.937	23234	338.58820093457945	1853629	0.43	1712	None
A07_CKDN240018934_scaffolds.fasta_bin.39	64.67	1.79	Gradient Boost (General Model)	11	0.908	5145	269.2722342733189	1635548	0.66	1844	None
A07_CKDN240018934_scaffolds.fasta_bin.43	16.54	0.78	Neural Network (Specific Model)	11	0.894	3163	278.7740303541315	553504	0.27	593	None
A07_CKDN240018934_scaffolds.fasta_bin.45	3.33	0.02	Neural Network (Specific Model)	11	0.819	23257	287.15714285714284	367204	0.6	350	None
A07_CKDN240018934_scaffolds.fasta_bin.48	49.21	2.92	Neural Network (Specific Model)	11	0.956	6401	265.5	724302	0.3	872	None
A07_CKDN240018934_scaffolds.fasta_bin.5	11.15	0.03	Neural Network (Specific Model)	11	0.942	2629	260.41456582633054	295091	0.39	357	None
A07_CKDN240018934_scaffolds.fasta_bin.50	80.34	0.05	Neural Network (Specific Model)	11	0.918	14331	269.3942133815552	970933	0.37	1106	None
A07_CKDN240018934_scaffolds.fasta_bin.52	56.52	1.57	Gradient Boost (General Model)	11	0.912	4189	286.0599769319492	1628674	0.54	1734	None
A07_CKDN240018934_scaffolds.fasta_bin.60	15.03	0.03	Neural Network (Specific Model)	11	0.891	3909	278.6858345021038	666861	0.56	713	None
A07_CKDN240018934_scaffolds.fasta_bin.66	8.23	0.01	Neural Network (Specific Model)	11	0.885	2405	306.04329004329	478540	0.56	462	None
A07_CKDN240018934_scaffolds.fasta_bin.7	13.02	0.0	Neural Network (Specific Model)	11	0.935	2747	255.1336405529954	354447	0.52	434	None
A08_CKDN240018935_scaffolds.fasta_bin.10	83.35	2.79	Gradient Boost (General Model)	11	0.92	8013	337.238801542569	3700379	0.72	3371	None
A08_CKDN240018935_scaffolds.fasta_bin.11	68.78	0.61	Gradient Boost (General Model)	11	0.94	4631	286.51849568434034	1480101	0.38	1622	None
A08_CKDN240018935_scaffolds.fasta_bin.12	82.29	0.24	Neural Network (Specific Model)	11	0.928	14012	328.72379269729095	1801759	0.43	1698	None
A08_CKDN240018935_scaffolds.fasta_bin.16	14.58	0.72	Neural Network (Specific Model)	11	0.908	2569	243.34469696969697	423613	0.52	528	None
A08_CKDN240018935_scaffolds.fasta_bin.18	84.66	2.88	Gradient Boost (General Model)	11	0.905	7618	304.31160769708254	1620069	0.4	1611	None
A08_CKDN240018935_scaffolds.fasta_bin.24	100.0	3.65	Gradient Boost (General Model)	11	0.927	14075	314.80443193809356	2890757	0.52	2843	None
A08_CKDN240018935_scaffolds.fasta_bin.25	4.85	0.02	Neural Network (Specific Model)	11	0.762	22390	355.0938775510204	341763	0.65	245	None
A08_CKDN240018935_scaffolds.fasta_bin.30	62.98	0.45	Gradient Boost (General Model)	11	0.914	5307	276.1954674220963	1596383	0.66	1765	None
A08_CKDN240018935_scaffolds.fasta_bin.31	99.88	0.08	Neural Network (Specific Model)	11	0.924	73570	327.99174236168454	2575104	0.29	2422	None
A08_CKDN240018935_scaffolds.fasta_bin.32	99.95	0.87	Neural Network (Specific Model)	11	0.918	44332	312.78208505833646	2709582	0.55	2657	None
A08_CKDN240018935_scaffolds.fasta_bin.34	80.39	2.04	Gradient Boost (General Model)	11	0.927	5397	287.55185323848747	2480364	0.33	2671	None
A08_CKDN240018935_scaffolds.fasta_bin.38	14.45	0.0	Neural Network (Specific Model)	11	0.958	2464	228.8328173374613	230579	0.35	323	None
A08_CKDN240018935_scaffolds.fasta_bin.41	89.72	5.01	Neural Network (Specific Model)	11	0.911	27023	300.2237860661506	2802070	0.52	2842	None
A08_CKDN240018935_scaffolds.fasta_bin.42	68.34	0.5	Neural Network (Specific Model)	11	0.921	4592	290.35083625048617	2426796	0.38	2571	None
A08_CKDN240018935_scaffolds.fasta_bin.46	85.45	0.57	Neural Network (Specific Model)	11	0.936	15339	330.8530276308054	1801045	0.43	1701	None
A08_CKDN240018935_scaffolds.fasta_bin.48	19.27	1.28	Neural Network (Specific Model)	11	0.9	3209	255.68584758942458	546722	0.22	643	None
A08_CKDN240018935_scaffolds.fasta_bin.5	21.29	0.02	Neural Network (Specific Model)	11	0.929	2639	264.1782032400589	577790	0.35	679	None
A08_CKDN240018935_scaffolds.fasta_bin.52	7.02	0.0	Neural Network (Specific Model)	11	0.895	5488	263.30194805194805	271013	0.49	308	None
A08_CKDN240018935_scaffolds.fasta_bin.53	48.88	0.85	Neural Network (Specific Model)	11	0.904	3475	262.9864777849324	1352975	0.52	1553	None
A08_CKDN240018935_scaffolds.fasta_bin.55	67.69	11.64	Neural Network (Specific Model)	11	0.954	6483	266.74520936834637	1178121	0.29	1409	None
A08_CKDN240018935_scaffolds.fasta_bin.57	72.56	2.13	Gradient Boost (General Model)	11	0.93	4393	275.113567839196	1762133	0.57	1990	None
A08_CKDN240018935_scaffolds.fasta_bin.59	66.17	1.85	Neural Network (Specific Model)	11	0.927	4371	233.8133198789102	1495340	0.65	1982	None
A08_CKDN240018935_scaffolds.fasta_bin.60	22.97	0.09	Neural Network (Specific Model)	11	0.953	2735	283.3081481481481	600638	0.57	675	None
A08_CKDN240018935_scaffolds.fasta_bin.61	90.16	2.11	Neural Network (Specific Model)	11	0.92	13317	297.6672246401071	2895105	0.61	2987	None
A08_CKDN240018935_scaffolds.fasta_bin.66	27.5	0.88	Neural Network (Specific Model)	11	0.928	2910	254.50381679389312	967326	0.48	1179	None
A08_CKDN240018935_scaffolds.fasta_bin.68	53.88	3.15	Neural Network (Specific Model)	11	0.958	5515	265.36506159014556	740330	0.3	893	None
A08_CKDN240018935_scaffolds.fasta_bin.69	6.68	0.0	Neural Network (Specific Model)	11	0.947	2651	306.86713286713285	277346	0.58	286	None
A08_CKDN240018935_scaffolds.fasta_bin.8	59.83	8.53	Gradient Boost (General Model)	11	0.915	3187	273.6838602329451	1075441	0.37	1202	None
A09_CKDN240018936_scaffolds.fasta_bin.11	28.34	0.88	Neural Network (Specific Model)	11	0.926	3616	270.5997458703939	688301	0.5	787	None
A09_CKDN240018936_scaffolds.fasta_bin.20	53.74	0.85	Neural Network (Specific Model)	11	0.956	5296	263.7804323094426	725655	0.29	879	None
A09_CKDN240018936_scaffolds.fasta_bin.29	24.72	0.02	Neural Network (Specific Model)	11	0.959	2895	233.5441478439425	353854	0.35	487	None
A09_CKDN240018936_scaffolds.fasta_bin.30	36.17	0.78	Neural Network (Specific Model)	11	0.831	111429	245.55769230769232	505822	0.3	572	None
A09_CKDN240018936_scaffolds.fasta_bin.36	96.57	0.06	Gradient Boost (General Model)	11	0.946	15264	284.54372813593204	1796485	0.51	2001	None
A09_CKDN240018936_scaffolds.fasta_bin.38	44.49	1.49	Neural Network (Specific Model)	11	0.914	3790	283.66195372750644	1446394	0.54	1556	None
A09_CKDN240018936_scaffolds.fasta_bin.40	82.62	1.04	Gradient Boost (General Model)	11	0.937	4974	287.39468302658486	2243562	0.52	2445	None
A09_CKDN240018936_scaffolds.fasta_bin.42	95.86	0.2	Neural Network (Specific Model)	11	0.926	21525	315.62449145646866	2511010	0.29	2458	None
A09_CKDN240018936_scaffolds.fasta_bin.50	35.86	0.39	Neural Network (Specific Model)	11	0.941	3357	276.3155080213904	985573	0.46	1122	None
A09_CKDN240018936_scaffolds.fasta_bin.54	9.08	0.01	Neural Network (Specific Model)	11	0.941	185105	283.102766798419	227177	0.47	253	None
A09_CKDN240018936_scaffolds.fasta_bin.58	91.87	11.13	Gradient Boost (General Model)	11	0.9	11712	278.143232095988	2467296	0.51	2667	None
A09_CKDN240018936_scaffolds.fasta_bin.59	5.66	0.03	Neural Network (Specific Model)	11	0.893	5920	268.2063492063492	453159	0.45	504	None
A09_CKDN240018936_scaffolds.fasta_bin.6	5.35	0.02	Neural Network (Specific Model)	11	0.741	25123	321.1617647058824	440133	0.64	340	None
A09_CKDN240018936_scaffolds.fasta_bin.60	26.96	0.59	Neural Network (Specific Model)	11	0.914	2596	238.70317002881845	541887	0.6	694	None
A09_CKDN240018936_scaffolds.fasta_bin.7	73.37	0.03	Neural Network (Specific Model)	11	0.936	35277	285.3953488372093	823791	0.29	903	None
A10_CKDN240018937_scaffolds.fasta_bin.1	15.67	0.0	Neural Network (Specific Model)	11	0.917	2574	283.36548767416934	863775	0.71	933	None
A10_CKDN240018937_scaffolds.fasta_bin.12	72.68	0.47	Gradient Boost (General Model)	11	0.929	4430	273.22566371681415	1591022	0.66	1808	None
A10_CKDN240018937_scaffolds.fasta_bin.17	83.69	0.94	Neural Network (Specific Model)	11	0.913	14827	265.2442941673711	1027395	0.37	1183	None
A10_CKDN240018937_scaffolds.fasta_bin.18	91.94	11.52	Gradient Boost (General Model)	11	0.896	11623	271.0061107117182	2519662	0.51	2782	None
A10_CKDN240018937_scaffolds.fasta_bin.19	51.85	0.0	Neural Network (Specific Model)	11	0.958	3663	235.5207100591716	743655	0.35	1014	None
A10_CKDN240018937_scaffolds.fasta_bin.2	9.95	0.02	Neural Network (Specific Model)	11	0.933	185299	278.5809523809524	280643	0.48	315	None
A10_CKDN240018937_scaffolds.fasta_bin.24	87.78	1.96	Gradient Boost (General Model)	11	0.933	26356	282.35047129391603	1055925	0.3	1167	None
A10_CKDN240018937_scaffolds.fasta_bin.28	56.37	0.02	Gradient Boost (General Model)	11	0.936	3247	262.48981900452486	742031	0.4	884	None
A10_CKDN240018937_scaffolds.fasta_bin.43	58.73	2.17	Neural Network (Specific Model)	11	0.964	4012	258.0403543307087	812629	0.29	1016	None
A10_CKDN240018937_scaffolds.fasta_bin.45	96.37	1.59	Gradient Boost (General Model)	11	0.948	24454	289.1465517241379	1689833	0.51	1856	None
A10_CKDN240018937_scaffolds.fasta_bin.6	88.88	1.16	Neural Network (Specific Model)	11	0.957	14354	287.9567233384853	1163754	0.35	1294	None
A10_CKDN240018937_scaffolds.fasta_bin.7	75.04	0.3	Neural Network (Specific Model)	11	0.965	11387	281.23442136498517	881151	0.29	1011	None
A11_CKDN240018938_scaffolds.fasta_bin.12	19.29	0.03	Neural Network (Specific Model)	11	0.916	2751	257.29442282749676	648309	0.55	771	None
A11_CKDN240018938_scaffolds.fasta_bin.13	27.21	7.22	Neural Network (Specific Model)	11	0.839	3335	266.9187134502924	1618963	0.55	1710	None
A11_CKDN240018938_scaffolds.fasta_bin.16	7.86	0.01	Neural Network (Specific Model)	11	0.953	8792	230.5079365079365	227426	0.3	315	None
A11_CKDN240018938_scaffolds.fasta_bin.17	19.96	0.63	Neural Network (Specific Model)	11	0.946	2783	247.68575063613233	615614	0.37	786	None
A11_CKDN240018938_scaffolds.fasta_bin.2	78.38	0.03	Neural Network (Specific Model)	11	0.928	11432	324.2622274602239	1774821	0.43	1697	None
A11_CKDN240018938_scaffolds.fasta_bin.26	99.85	0.07	Neural Network (Specific Model)	11	0.921	54984	313.923759580476	2529100	0.55	2479	None
A11_CKDN240018938_scaffolds.fasta_bin.28	90.0	0.9	Gradient Boost (General Model)	11	0.952	111618	291.92715231788077	969195	0.34	1057	None
A11_CKDN240018938_scaffolds.fasta_bin.35	22.26	0.33	Neural Network (Specific Model)	11	0.958	2890	247.64466019417475	397190	0.51	515	None
A11_CKDN240018938_scaffolds.fasta_bin.43	17.52	0.0	Neural Network (Specific Model)	11	0.927	2629	223.93887530562347	295618	0.48	409	None
A11_CKDN240018938_scaffolds.fasta_bin.45	35.44	1.71	Neural Network (Specific Model)	11	0.918	3133	268.70873786407765	1083427	0.52	1236	None
A11_CKDN240018938_scaffolds.fasta_bin.47	8.89	0.0	Neural Network (Specific Model)	11	0.931	2344	238.93506493506493	236557	0.5	308	None
A12_CKDN240018939_scaffolds.fasta_bin.1	71.06	1.32	Gradient Boost (General Model)	11	0.922	9426	300.66897856242116	1548193	0.49	1586	None
A12_CKDN240018939_scaffolds.fasta_bin.12	22.69	7.68	Neural Network (Specific Model)	11	0.858	3169	268.6243961352657	1543139	0.55	1656	None
A12_CKDN240018939_scaffolds.fasta_bin.14	19.33	0.29	Neural Network (Specific Model)	11	0.939	2982	272.00550458715594	472567	0.43	545	None
A12_CKDN240018939_scaffolds.fasta_bin.18	70.66	0.1	Neural Network (Specific Model)	11	0.931	10092	280.8496732026144	966884	0.55	1071	None
A12_CKDN240018939_scaffolds.fasta_bin.20	68.88	3.35	Neural Network (Specific Model)	11	0.91	4664	287.83861236802414	1884438	0.52	1989	None
A12_CKDN240018939_scaffolds.fasta_bin.24	84.0	1.24	Neural Network (Specific Model)	11	0.886	8910	287.1979421852033	1982072	0.51	2041	None
A12_CKDN240018939_scaffolds.fasta_bin.3	9.56	0.32	Neural Network (Specific Model)	11	0.931	2455	274.7817679558011	320012	0.34	362	None
A12_CKDN240018939_scaffolds.fasta_bin.30	31.09	1.58	Neural Network (Specific Model)	11	0.921	2930	242.28309409888357	986736	0.61	1254	None
A12_CKDN240018939_scaffolds.fasta_bin.40	73.74	0.59	Neural Network (Specific Model)	11	0.962	12924	282.81335952848724	894988	0.29	1018	None
A12_CKDN240018939_scaffolds.fasta_bin.43	77.07	2.69	Gradient Boost (General Model)	11	0.919	4854	295.62818955042525	1583728	0.4	1646	None
A12_CKDN240018939_scaffolds.fasta_bin.48	8.26	0.0	Neural Network (Specific Model)	11	0.922	2502	263.2279069767442	367496	0.38	430	None
A12_CKDN240018939_scaffolds.fasta_bin.51	14.01	0.05	Neural Network (Specific Model)	11	0.915	3367	257.912	316092	0.33	375	None
A12_CKDN240018939_scaffolds.fasta_bin.57	6.92	0.02	Neural Network (Specific Model)	11	0.897	6595	275.42261904761904	308516	0.45	336	None
A12_CKDN240018939_scaffolds.fasta_bin.60	63.7	2.08	Gradient Boost (General Model)	11	0.932	3544	276.37124463519314	826245	0.41	932	None
A12_CKDN240018939_scaffolds.fasta_bin.7	77.32	1.12	Gradient Boost (General Model)	11	0.959	4093	262.3034482758621	1065759	0.51	1305	None
A12_CKDN240018939_scaffolds.fasta_bin.8	90.59	0.27	Gradient Boost (General Model)	11	0.959	57504	289.950234741784	962301	0.34	1065	None
A13_CKDN240018940_scaffolds.fasta_bin.11	5.69	0.05	Neural Network (Specific Model)	11	0.946	4189	184.36857142857144	202848	0.33	350	None
A13_CKDN240018940_scaffolds.fasta_bin.12	23.56	0.08	Neural Network (Specific Model)	11	0.92	2884	271.6528301886792	701974	0.48	795	None
A13_CKDN240018940_scaffolds.fasta_bin.2	48.85	0.13	Neural Network (Specific Model)	11	0.964	3735	249.88819095477388	617187	0.35	796	None
A13_CKDN240018940_scaffolds.fasta_bin.23	25.41	0.0	Neural Network (Specific Model)	11	0.939	2741	226.7603305785124	349965	0.48	484	None
A13_CKDN240018940_scaffolds.fasta_bin.26	76.93	0.68	Gradient Boost (General Model)	11	0.906	6062	291.7392205638474	2326558	0.55	2412	None
A13_CKDN240018940_scaffolds.fasta_bin.28	14.56	0.0	Neural Network (Specific Model)	11	0.965	2668	241.57142857142858	214631	0.38	287	None
A13_CKDN240018940_scaffolds.fasta_bin.33	95.16	2.28	Gradient Boost (General Model)	11	0.953	5192	266.35606517803257	1382889	0.51	1657	None
A13_CKDN240018940_scaffolds.fasta_bin.41	21.68	1.46	Neural Network (Specific Model)	11	0.914	2975	259.43464052287584	779844	0.52	918	None
A13_CKDN240018940_scaffolds.fasta_bin.44	17.89	0.0	Neural Network (Specific Model)	11	0.929	2706	256.41470588235296	562346	0.61	680	None
A13_CKDN240018940_scaffolds.fasta_bin.46	11.67	0.23	Neural Network (Specific Model)	4	0.883	3032	302.4024064171123	764614	0.55	748	None
A13_CKDN240018940_scaffolds.fasta_bin.50	42.99	1.5	Neural Network (Specific Model)	11	0.959	4881	264.9189511323004	693411	0.29	839	None
A13_CKDN240018940_scaffolds.fasta_bin.53	16.54	0.0	Neural Network (Specific Model)	11	0.944	2758	251.55668604651163	548621	0.63	688	None
A13_CKDN240018940_scaffolds.fasta_bin.55	80.63	8.71	Gradient Boost (General Model)	11	0.955	5065	280.98030495552734	1386014	0.3	1574	None
A13_CKDN240018940_scaffolds.fasta_bin.63	22.97	1.26	Neural Network (Specific Model)	11	0.92	2874	261.64222222222224	766583	0.39	900	None
A13_CKDN240018940_scaffolds.fasta_bin.66	66.93	5.53	Gradient Boost (General Model)	11	0.954	4011	299.6666666666667	1821676	0.52	1938	None
A13_CKDN240018940_scaffolds.fasta_bin.70	34.61	6.08	Neural Network (Specific Model)	11	0.967	3706	262.7861842105263	494163	0.31	608	None
A14_CKDN240018941_scaffolds.fasta_bin.13	5.72	0.0	Neural Network (Specific Model)	11	0.881	111242	305.5833333333333	212072	0.48	204	None
A14_CKDN240018941_scaffolds.fasta_bin.18	99.27	10.7	Gradient Boost (General Model)	11	0.881	24448	310.2286145227322	4890104	0.55	4641	None
A14_CKDN240018941_scaffolds.fasta_bin.2	10.85	0.0	Neural Network (Specific Model)	11	0.916	2473	261.4224924012158	281026	0.54	329	None
A14_CKDN240018941_scaffolds.fasta_bin.20	89.62	0.27	Neural Network (Specific Model)	4	0.922	59115	341.00418994413405	793138	0.27	716	None
A14_CKDN240018941_scaffolds.fasta_bin.21	21.91	0.02	Neural Network (Specific Model)	11	0.96	3286	243.9389140271493	335920	0.3	442	None
A14_CKDN240018941_scaffolds.fasta_bin.27	37.6	0.93	Neural Network (Specific Model)	11	0.921	2731	258.9715	1683508	0.58	2000	None
A14_CKDN240018941_scaffolds.fasta_bin.28	18.95	1.21	Neural Network (Specific Model)	11	0.934	3968	212.28275862068966	687305	0.36	1015	None
A14_CKDN240018941_scaffolds.fasta_bin.30	75.77	0.17	Neural Network (Specific Model)	11	0.964	17137	284.13352007469655	943424	0.29	1071	None
A14_CKDN240018941_scaffolds.fasta_bin.31	24.07	0.46	Neural Network (Specific Model)	11	0.914	2805	248.44046844502276	1249872	0.56	1537	None
A14_CKDN240018941_scaffolds.fasta_bin.43	44.47	1.52	Gradient Boost (General Model)	11	0.916	2871	259.13424657534244	1544801	0.61	1825	None
A14_CKDN240018941_scaffolds.fasta_bin.50	13.66	0.47	Neural Network (Specific Model)	11	0.914	2860	258.41129032258067	419921	0.53	496	None
A14_CKDN240018941_scaffolds.fasta_bin.57	8.57	0.0	Neural Network (Specific Model)	11	0.95	2932	289.8030769230769	296595	0.4	325	None
A15_CKDN240018942_scaffolds.fasta_bin.1	56.66	4.08	Gradient Boost (General Model)	11	0.925	3321	256.9816650148662	1678380	0.63	2018	None
A15_CKDN240018942_scaffolds.fasta_bin.17	41.26	0.91	Gradient Boost (General Model)	11	0.884	3343	302.63326732673266	2587821	0.58	2525	None
A15_CKDN240018942_scaffolds.fasta_bin.2	16.95	0.48	Neural Network (Specific Model)	11	0.929	3557	267.2336328626444	670627	0.48	779	None
A15_CKDN240018942_scaffolds.fasta_bin.20	44.68	0.05	Gradient Boost (General Model)	11	0.898	258573	368.0262329485834	2340894	0.64	1906	None
A15_CKDN240018942_scaffolds.fasta_bin.26	84.55	0.22	Neural Network (Specific Model)	11	0.938	903814	372.69315751960085	3338052	0.46	2806	None
A15_CKDN240018942_scaffolds.fasta_bin.28	96.41	38.37	Gradient Boost (General Model)	11	0.879	30574	333.2318281938326	6189759	0.62	5448	None
A15_CKDN240018942_scaffolds.fasta_bin.30	8.4	0.03	Neural Network (Specific Model)	11	0.92	24468	219.9903474903475	369519	0.5	518	None
A15_CKDN240018942_scaffolds.fasta_bin.31	77.3	0.05	Gradient Boost (General Model)	11	0.91	10300	373.13920056100983	3503009	0.46	2852	None
A15_CKDN240018942_scaffolds.fasta_bin.33	45.1	1.79	Gradient Boost (General Model)	11	0.875	3288	307.6621668397369	3041378	0.7	2889	None
A15_CKDN240018942_scaffolds.fasta_bin.36	15.96	0.02	Neural Network (Specific Model)	11	0.868	308773	369.16845329249617	832642	0.45	653	None
A15_CKDN240018942_scaffolds.fasta_bin.38	17.05	0.47	Neural Network (Specific Model)	11	0.87	2528	258.1694915254237	838457	0.6	944	None
A15_CKDN240018942_scaffolds.fasta_bin.56	90.07	8.18	Gradient Boost (General Model)	11	0.876	10140	330.2705141056852	7879983	0.55	6983	None
A15_CKDN240018942_scaffolds.fasta_bin.57	23.93	0.05	Neural Network (Specific Model)	11	0.934	5613	302.75983146067415	690060	0.61	712	None
A15_CKDN240018942_scaffolds.fasta_bin.59	5.59	0.01	Neural Network (Specific Model)	11	0.864	3336	231.16397228637413	346855	0.68	433	None
A15_CKDN240018942_scaffolds.fasta_bin.61	100.0	57.63	Gradient Boost (General Model)	11	0.91	3506	259.0669918100672	9258863	0.62	10867	None
A15_CKDN240018942_scaffolds.fasta_bin.62	82.97	3.98	Gradient Boost (General Model)	11	0.901	10545	319.1378453038674	3837524	0.65	3620	None
A15_CKDN240018942_scaffolds.fasta_bin.65	99.68	0.0	Gradient Boost (General Model)	11	0.931	419883	323.31799163179915	2981602	0.55	2868	None
A15_CKDN240018942_scaffolds.fasta_bin.7	11.41	0.0	Neural Network (Specific Model)	11	0.893	6209	172.8761904761905	241758	0.29	420	None
A15_CKDN240018942_scaffolds.fasta_bin.70	96.67	4.4	Gradient Boost (General Model)	11	0.911	81275	311.1636876763876	5437367	0.56	5315	None
A15_CKDN240018942_scaffolds.fasta_bin.72	78.73	2.85	Neural Network (Specific Model)	11	0.913	20863	292.7597222222222	2073184	0.57	2160	None
A15_CKDN240018942_scaffolds.fasta_bin.75	23.94	0.01	Neural Network (Specific Model)	11	0.911	19188	329.04597701149424	659352	0.55	609	None
A15_CKDN240018942_scaffolds.fasta_bin.76	93.72	0.51	Gradient Boost (General Model)	11	0.863	93610	364.21547248182765	7305666	0.57	5778	None
A15_CKDN240018942_scaffolds.fasta_bin.86	95.23	0.29	Gradient Boost (General Model)	11	0.932	135799	340.19821483533394	3550351	0.58	3249	None
A01_CKDN240018928_scaffolds.fasta_bin.11	61.23	2.18	Neural Network (Specific Model)	11	0.962	3812	300.6610576923077	1167153	0.45	1248	None
A01_CKDN240018928_scaffolds.fasta_bin.13	26.44	2.25	Neural Network (Specific Model)	11	0.922	2808	254.84765625	1270244	0.6	1536	None
A01_CKDN240018928_scaffolds.fasta_bin.20	83.88	0.26	Neural Network (Specific Model)	11	0.917	27164	328.1652518392756	1894540	0.43	1767	None
A01_CKDN240018928_scaffolds.fasta_bin.21	95.79	5.15	Gradient Boost (General Model)	11	0.939	9495	312.4797208896642	2282789	0.42	2293	None
A01_CKDN240018928_scaffolds.fasta_bin.22	4.13	3.61	Neural Network (Specific Model)	11	0.846	2612	268.4467333725721	3223854	0.4	3398	None
A01_CKDN240018928_scaffolds.fasta_bin.24	88.97	0.86	Gradient Boost (General Model)	11	0.911	14367	342.0760262326937	4627730	0.55	4117	None
A01_CKDN240018928_scaffolds.fasta_bin.27	58.15	0.19	Gradient Boost (General Model)	11	0.948	4074	302.8530183727034	1456414	0.56	1524	None
A01_CKDN240018928_scaffolds.fasta_bin.28	11.2	0.02	Neural Network (Specific Model)	11	0.621	12981	159.0893760539629	453818	0.52	593	None
A01_CKDN240018928_scaffolds.fasta_bin.3	58.07	0.82	Gradient Boost (General Model)	11	0.927	3551	269.8671970624235	1422848	0.66	1634	None
A01_CKDN240018928_scaffolds.fasta_bin.34	49.28	3.59	Gradient Boost (General Model)	11	0.942	4268	303.2418546365915	1537317	0.56	1596	None
A01_CKDN240018928_scaffolds.fasta_bin.35	9.5	0.02	Neural Network (Specific Model)	11	0.87	2665	254.43325526932085	373434	0.55	427	None
A01_CKDN240018928_scaffolds.fasta_bin.41	12.67	0.03	Neural Network (Specific Model)	11	0.938	2968	226.46314741035857	723614	0.51	1004	None
A01_CKDN240018928_scaffolds.fasta_bin.43	8.32	0.02	Neural Network (Specific Model)	11	0.892	36724	287.96078431372547	295527	0.45	306	None
A01_CKDN240018928_scaffolds.fasta_bin.47	84.58	45.62	Gradient Boost (General Model)	11	0.949	5945	321.6057906458797	3643251	0.4	3592	None
A01_CKDN240018928_scaffolds.fasta_bin.48	10.04	0.07	Neural Network (Specific Model)	11	0.889	41306	303.5529100529101	386925	0.32	378	None
A01_CKDN240018928_scaffolds.fasta_bin.50	7.34	0.0	Neural Network (Specific Model)	11	0.885	6772	267.972602739726	330523	0.42	365	None
A01_CKDN240018928_scaffolds.fasta_bin.51	45.49	0.39	Gradient Boost (General Model)	11	0.931	3144	268.1683501683502	1280091	0.52	1485	None
A01_CKDN240018928_scaffolds.fasta_bin.8	98.77	0.03	Neural Network (Specific Model)	11	0.918	74885	318.84100989423405	3050328	0.61	2931	None
A02_CKDN240018929_scaffolds.fasta_bin.12	26.25	2.9	Neural Network (Specific Model)	11	0.927	4670	271.3476297968397	387812	0.56	443	None
A02_CKDN240018929_scaffolds.fasta_bin.15	0.03	10.0	Neural Network (Specific Model)	11	0.537	3717	139.23978847054286	28096207	0.35	36307	None
A02_CKDN240018929_scaffolds.fasta_bin.19	96.25	1.43	Gradient Boost (General Model)	11	0.952	8880	287.75106888361046	1903241	0.67	2105	None
A02_CKDN240018929_scaffolds.fasta_bin.28	87.37	1.34	Neural Network (Specific Model)	11	0.95	13963	349.5543800253914	2601816	0.61	2363	None
A02_CKDN240018929_scaffolds.fasta_bin.3	9.88	0.0	Neural Network (Specific Model)	11	0.92	39086	233.2135593220339	223013	0.42	295	None
A02_CKDN240018929_scaffolds.fasta_bin.31	9.56	0.07	Neural Network (Specific Model)	11	0.92	29925	300.158273381295	407939	0.32	417	None
A02_CKDN240018929_scaffolds.fasta_bin.37	97.43	1.28	Gradient Boost (General Model)	11	0.948	34576	292.58663484486874	1931034	0.51	2095	None
A02_CKDN240018929_scaffolds.fasta_bin.4	82.82	0.91	Neural Network (Specific Model)	11	0.921	16581	292.3959731543624	2124844	0.56	2235	None
A02_CKDN240018929_scaffolds.fasta_bin.41	73.72	3.53	Neural Network (Specific Model)	11	0.937	10440	285.3640510948905	997954	0.55	1096	None
A02_CKDN240018929_scaffolds.fasta_bin.45	84.64	0.71	Gradient Boost (General Model)	11	0.93	4712	284.8404415454089	1827063	0.4	1993	None
A02_CKDN240018929_scaffolds.fasta_bin.46	76.67	1.39	Gradient Boost (General Model)	11	0.923	6902	337.2178157413057	3589448	0.72	3278	None
A02_CKDN240018929_scaffolds.fasta_bin.49	26.7	0.25	Neural Network (Specific Model)	11	0.934	5153	313.70338983050846	830252	0.59	826	None
A02_CKDN240018929_scaffolds.fasta_bin.51	27.29	0.67	Neural Network (Specific Model)	11	0.952	3123	268.27783783783786	778860	0.52	925	None
A02_CKDN240018929_scaffolds.fasta_bin.59	100.0	36.56	Gradient Boost (General Model)	11	0.834	4578	285.7037361748044	15206272	0.4	14828	None
A02_CKDN240018929_scaffolds.fasta_bin.61	95.87	0.02	Neural Network (Specific Model)	11	0.917	55265	318.9008795669824	3077610	0.61	2956	None
A02_CKDN240018929_scaffolds.fasta_bin.65	66.23	0.7	Gradient Boost (General Model)	11	0.938	4711	326.96008596868285	3397405	0.68	3257	None
A02_CKDN240018929_scaffolds.fasta_bin.68	71.08	3.35	Neural Network (Specific Model)	11	0.956	5617	258.82912621359225	833926	0.3	1030	None
A02_CKDN240018929_scaffolds.fasta_bin.69	35.78	1.72	Neural Network (Specific Model)	11	0.932	3305	264.32649134060296	1323112	0.66	1559	None
A02_CKDN240018929_scaffolds.fasta_bin.72	10.33	0.01	Neural Network (Specific Model)	11	0.926	7784	233.58726899383984	366569	0.35	487	None
A02_CKDN240018929_scaffolds.fasta_bin.74	15.87	0.74	Neural Network (Specific Model)	11	0.943	7183	248.66925465838509	508177	0.33	644	None
A02_CKDN240018929_scaffolds.fasta_bin.76	25.26	10.29	Neural Network (Specific Model)	11	0.873	11279	282.7916666666667	1374144	0.32	1416	None
A02_CKDN240018929_scaffolds.fasta_bin.78	52.72	0.84	Neural Network (Specific Model)	11	0.95	4171	300.9414535666218	1408650	0.56	1486	None
A02_CKDN240018929_scaffolds.fasta_bin.8	9.71	0.03	Neural Network (Specific Model)	11	0.91	22356	247.42899408284023	274583	0.36	338	None
A02_CKDN240018929_scaffolds.fasta_bin.9	6.76	0.04	Neural Network (Specific Model)	11	0.947	62966	238.26822916666666	287424	0.38	384	None
A03_CKDN240018930_scaffolds.fasta_bin.17	12.99	0.0	Neural Network (Specific Model)	11	0.939	48135	231.01360544217687	323586	0.37	441	None
A03_CKDN240018930_scaffolds.fasta_bin.18	87.56	0.49	Neural Network (Specific Model)	11	0.858	21811	372.9138129165709	5664578	0.5	4351	None
A03_CKDN240018930_scaffolds.fasta_bin.20	100.0	61.32	Gradient Boost (General Model)	11	0.862	46177	394.06871609403254	10608967	0.61	7742	None
A03_CKDN240018930_scaffolds.fasta_bin.24	88.79	0.76	Neural Network (Specific Model)	11	0.943	32325	330.62141698215254	1941486	0.38	1849	None
A03_CKDN240018930_scaffolds.fasta_bin.28	21.03	0.19	Neural Network (Specific Model)	11	0.892	24861	308.910447761194	624985	0.32	603	None
A03_CKDN240018930_scaffolds.fasta_bin.3	61.25	1.63	Gradient Boost (General Model)	11	0.93	3661	282.0103591160221	1314125	0.52	1448	None
A03_CKDN240018930_scaffolds.fasta_bin.33	94.78	0.86	Neural Network (Specific Model)	11	0.926	37130	272.05339598462194	2056979	0.65	2341	None
A03_CKDN240018930_scaffolds.fasta_bin.4	7.5	3.25	Neural Network (Specific Model)	4	0.753	9484	220.82763337893297	636504	0.45	731	None
A03_CKDN240018930_scaffolds.fasta_bin.44	31.55	0.87	Neural Network (Specific Model)	11	0.955	3873	312.61348528015196	1031053	0.59	1053	None
A03_CKDN240018930_scaffolds.fasta_bin.50	74.54	1.0	Gradient Boost (General Model)	11	0.967	6223	274.1338775510204	1038267	0.37	1225	None
A03_CKDN240018930_scaffolds.fasta_bin.51	97.85	88.44	Neural Network (Specific Model)	11	0.916	59797	304.5322726450913	5502719	0.51	5531	None
A03_CKDN240018930_scaffolds.fasta_bin.52	81.53	0.15	Neural Network (Specific Model)	11	0.926	12382	321.0732984293194	1784795	0.43	1719	None
A03_CKDN240018930_scaffolds.fasta_bin.54	14.64	2.27	Neural Network (Specific Model)	4	0.764	3447	196.9271186440678	902695	0.37	1180	None
A03_CKDN240018930_scaffolds.fasta_bin.65	10.83	0.35	Neural Network (Specific Model)	11	0.955	2530	271.8382352941176	289385	0.41	340	None
A03_CKDN240018930_scaffolds.fasta_bin.71	7.55	0.03	Neural Network (Specific Model)	11	0.893	3174	284.11038961038963	293429	0.32	308	None
A03_CKDN240018930_scaffolds.fasta_bin.73	63.3	4.32	Neural Network (Specific Model)	11	0.958	4880	293.02015882712277	1497297	0.49	1637	None
A03_CKDN240018930_scaffolds.fasta_bin.74	4.09	1.25	Neural Network (Specific Model)	11	0.904	2663	348.76092384519353	1849198	0.57	1602	None
A03_CKDN240018930_scaffolds.fasta_bin.76	9.16	0.0	Neural Network (Specific Model)	11	0.883	25119	235.92279411764707	217139	0.45	272	None
A03_CKDN240018930_scaffolds.fasta_bin.77	16.17	15.25	Neural Network (Specific Model)	11	0.871	33523	286.18101265822787	1554300	0.28	1580	None
A03_CKDN240018930_scaffolds.fasta_bin.80	97.72	0.02	Gradient Boost (General Model)	11	0.945	85583	298.2115	1884593	0.51	2000	None
A03_CKDN240018930_scaffolds.fasta_bin.85	83.92	0.02	Neural Network (Specific Model)	11	0.943	17612	284.4167424931756	991807	0.3	1099	None
A03_CKDN240018930_scaffolds.fasta_bin.86	18.99	0.12	Neural Network (Specific Model)	11	0.857	12099	275.8219895287958	368443	0.24	382	None
A03_CKDN240018930_scaffolds.fasta_bin.9	100.0	70.93	Gradient Boost (General Model)	11	0.831	49702	439.3057897695334	19742773	0.67	12453	None
A04_CKDN240018931_scaffolds.fasta_bin.12	100.0	62.72	Gradient Boost (General Model)	11	0.83	48635	437.3425414364641	19729883	0.67	12489	None
A04_CKDN240018931_scaffolds.fasta_bin.13	0.16	10.87	Neural Network (Specific Model)	11	0.844	3071	277.4174736154934	9035679	0.41	9191	None
A04_CKDN240018931_scaffolds.fasta_bin.22	8.96	0.0	Neural Network (Specific Model)	11	0.935	5408	235.1845238095238	252427	0.33	336	None
A04_CKDN240018931_scaffolds.fasta_bin.28	90.51	0.09	Gradient Boost (General Model)	11	0.932	20148	343.82498760535447	2226895	0.56	2017	None
A04_CKDN240018931_scaffolds.fasta_bin.34	98.29	0.19	Gradient Boost (General Model)	11	0.953	20098	301.0321828358209	2026344	0.66	2144	None
A04_CKDN240018931_scaffolds.fasta_bin.37	96.23	3.79	Gradient Boost (General Model)	11	0.918	13922	300.92634854771785	2836967	0.57	2892	None
A04_CKDN240018931_scaffolds.fasta_bin.4	96.7	1.3	Gradient Boost (General Model)	11	0.935	43454	377.5749472202674	3438324	0.49	2842	None
A04_CKDN240018931_scaffolds.fasta_bin.40	93.05	1.24	Gradient Boost (General Model)	11	0.947	89572	297.893	1877935	0.51	2000	None
A04_CKDN240018931_scaffolds.fasta_bin.44	97.68	2.16	Gradient Boost (General Model)	11	0.929	91544	383.40713081185254	5128253	0.55	4151	None
A04_CKDN240018931_scaffolds.fasta_bin.46	94.61	0.94	Gradient Boost (General Model)	11	0.928	25595	311.6532258064516	3365637	0.35	3348	None
A04_CKDN240018931_scaffolds.fasta_bin.47	71.37	0.3	Neural Network (Specific Model)	11	0.928	12066	284.88698955365624	967087	0.55	1053	None
A04_CKDN240018931_scaffolds.fasta_bin.49	6.84	0.01	Neural Network (Specific Model)	11	0.908	3811	328.41975308641975	263352	0.33	243	None
A04_CKDN240018931_scaffolds.fasta_bin.6	99.98	0.18	Neural Network (Specific Model)	11	0.924	26863	317.66586345381523	2564539	0.29	2490	None
A04_CKDN240018931_scaffolds.fasta_bin.62	93.32	2.63	Neural Network (Specific Model)	11	0.859	19275	367.22397476340694	5678609	0.5	4438	None
A04_CKDN240018931_scaffolds.fasta_bin.68	57.82	5.67	Gradient Boost (General Model)	11	0.837	2561	229.89571502323182	1585972	0.44	1937	None
A04_CKDN240018931_scaffolds.fasta_bin.71	96.29	0.02	Neural Network (Specific Model)	11	0.954	50882	301.50890782339275	1219175	0.35	1291	None
A04_CKDN240018931_scaffolds.fasta_bin.72	30.84	0.55	Neural Network (Specific Model)	11	0.955	2774	279.26441351888667	879752	0.57	1006	None
A04_CKDN240018931_scaffolds.fasta_bin.73	35.21	0.89	Neural Network (Specific Model)	11	0.942	3043	266.75795564127293	878319	0.37	1037	None
A04_CKDN240018931_scaffolds.fasta_bin.76	65.8	2.31	Gradient Boost (General Model)	11	0.93	4005	284.0984230560087	1681238	0.52	1839	None
A05_CKDN240018932_scaffolds.fasta_bin.10	82.16	0.63	Neural Network (Specific Model)	11	0.907	17259	283.3477056962025	2363202	0.53	2528	None
A05_CKDN240018932_scaffolds.fasta_bin.15	100.0	55.07	Gradient Boost (General Model)	11	0.862	44447	392.24503396129694	10645404	0.61	7803	None
A05_CKDN240018932_scaffolds.fasta_bin.19	9.99	0.09	Neural Network (Specific Model)	11	0.89	5865	303.4723557692308	848044	0.55	832	None
A05_CKDN240018932_scaffolds.fasta_bin.2	77.88	3.0	Gradient Boost (General Model)	11	0.866	6049	337.4700405824779	4887462	0.5	4189	None
A05_CKDN240018932_scaffolds.fasta_bin.23	0.78	5.82	Neural Network (Specific Model)	11	0.847	2772	272.5312786644652	5247464	0.4	5451	None
A05_CKDN240018932_scaffolds.fasta_bin.25	14.24	0.0	Neural Network (Specific Model)	11	0.931	2972	257.33898305084745	537147	0.55	649	None
A05_CKDN240018932_scaffolds.fasta_bin.28	61.24	4.7	Gradient Boost (General Model)	11	0.952	3772	250.8326612903226	781583	0.31	992	None
A05_CKDN240018932_scaffolds.fasta_bin.29	30.09	7.35	Gradient Boost (General Model)	11	0.932	4110	245.40202777165527	3564624	0.47	4537	None
A05_CKDN240018932_scaffolds.fasta_bin.3	8.15	0.0	Neural Network (Specific Model)	11	0.928	5242	223.37541528239203	216534	0.36	301	None
A05_CKDN240018932_scaffolds.fasta_bin.31	6.64	0.0	Neural Network (Specific Model)	11	0.899	15452	245.5249169435216	245525	0.46	301	None
A05_CKDN240018932_scaffolds.fasta_bin.37	100.0	73.49	Gradient Boost (General Model)	11	0.858	38977	385.3625574272588	14058297	0.57	10448	None
A05_CKDN240018932_scaffolds.fasta_bin.41	49.84	1.48	Gradient Boost (General Model)	11	0.955	3707	285.3804255319149	1050634	0.46	1175	None
A05_CKDN240018932_scaffolds.fasta_bin.44	96.11	0.05	Neural Network (Specific Model)	11	0.922	21570	266.5566397963513	2036674	0.65	2357	None
A05_CKDN240018932_scaffolds.fasta_bin.45	73.03	0.5	Neural Network (Specific Model)	11	0.931	6119	251.5716878402904	890442	0.37	1102	None
A05_CKDN240018932_scaffolds.fasta_bin.46	81.1	5.81	Neural Network (Specific Model)	11	0.895	13110	275.88401861908454	2376989	0.51	2578	None
A05_CKDN240018932_scaffolds.fasta_bin.48	88.44	0.71	Gradient Boost (General Model)	11	0.923	5519	266.52679864799615	1789559	0.56	2071	None
A05_CKDN240018932_scaffolds.fasta_bin.49	6.92	0.65	Neural Network (Specific Model)	11	0.878	6381	241.83677298311446	439102	0.43	533	None
A05_CKDN240018932_scaffolds.fasta_bin.5	61.18	2.86	Gradient Boost (General Model)	11	0.931	5219	307.08795180722893	1638921	0.61	1660	None
A05_CKDN240018932_scaffolds.fasta_bin.58	8.11	0.0	Neural Network (Specific Model)	11	0.908	10396	258.5625	272966	0.4	320	None
A05_CKDN240018932_scaffolds.fasta_bin.6	20.89	0.07	Neural Network (Specific Model)	11	0.928	3902	264.5403973509934	644228	0.52	755	None
A05_CKDN240018932_scaffolds.fasta_bin.7	1.53	5.25	Neural Network (Specific Model)	4	0.79	24438	258.7101293103448	903944	0.47	928	None
A05_CKDN240018932_scaffolds.fasta_bin.70	22.65	0.13	Neural Network (Specific Model)	11	0.938	2778	267.95087719298243	487506	0.39	570	None
A05_CKDN240018932_scaffolds.fasta_bin.79	95.3	2.15	Gradient Boost (General Model)	11	0.932	11373	310.95109672779574	2777035	0.52	2781	None
A05_CKDN240018932_scaffolds.fasta_bin.9	10.55	0.03	Neural Network (Specific Model)	11	0.869	26090	300.11299435028246	365969	0.32	354	None
A06_CKDN240018933_scaffolds.fasta_bin.1	25.04	0.47	Neural Network (Specific Model)	11	0.917	2525	244.53189964157707	1112562	0.63	1395	None
A06_CKDN240018933_scaffolds.fasta_bin.16	86.73	60.08	Gradient Boost (General Model)	11	0.915	3172	264.6913501726331	9530747	0.58	11006	None
A06_CKDN240018933_scaffolds.fasta_bin.18	18.61	0.65	Neural Network (Specific Model)	11	0.934	2744	245.5144927536232	542748	0.37	690	None
A06_CKDN240018933_scaffolds.fasta_bin.25	89.12	20.65	Neural Network (Specific Model)	11	0.956	12411	275.80521172638436	1324483	0.31	1535	None
A06_CKDN240018933_scaffolds.fasta_bin.26	7.5	0.02	Neural Network (Specific Model)	11	0.932	18379	233.87116564417178	244288	0.3	326	None
A06_CKDN240018933_scaffolds.fasta_bin.31	45.13	0.01	Gradient Boost (General Model)	11	0.963	3064	255.9429012345679	514861	0.36	648	None
A06_CKDN240018933_scaffolds.fasta_bin.33	7.04	0.07	Neural Network (Specific Model)	11	0.75	2711	194.03423423423425	427812	0.36	555	None
A06_CKDN240018933_scaffolds.fasta_bin.36	32.85	2.13	Neural Network (Specific Model)	11	0.917	3041	274.95687134502924	1228954	0.52	1368	None
A06_CKDN240018933_scaffolds.fasta_bin.38	36.44	1.17	Neural Network (Specific Model)	11	0.958	2996	247.72935779816513	674380	0.34	872	None
A06_CKDN240018933_scaffolds.fasta_bin.40	65.97	13.72	Neural Network (Specific Model)	11	0.96	5636	260.3082336382829	1152132	0.28	1421	None
A06_CKDN240018933_scaffolds.fasta_bin.45	9.33	0.0	Neural Network (Specific Model)	11	0.907	2354	239.06268656716418	263976	0.55	335	None
A06_CKDN240018933_scaffolds.fasta_bin.52	45.31	0.11	Neural Network (Specific Model)	11	0.961	4981	265.68970013037807	634436	0.29	767	None
A06_CKDN240018933_scaffolds.fasta_bin.6	86.54	4.91	Neural Network (Specific Model)	11	0.954	21211	290.05682859761686	992537	0.3	1091	None
A06_CKDN240018933_scaffolds.fasta_bin.7	27.19	0.42	Neural Network (Specific Model)	11	0.932	3002	262.77253668763103	805049	0.46	954	None
A07_CKDN240018934_scaffolds.fasta_bin.1	47.27	2.39	Gradient Boost (General Model)	11	0.933	3191	263.81658468025296	1204432	0.41	1423	None
A07_CKDN240018934_scaffolds.fasta_bin.20	22.08	0.03	Neural Network (Specific Model)	11	0.952	3027	279.70537010159654	605792	0.57	689	None
A07_CKDN240018934_scaffolds.fasta_bin.3	68.6	11.23	Neural Network (Specific Model)	11	0.954	6166	262.4402606806662	1135885	0.29	1381	None
A07_CKDN240018934_scaffolds.fasta_bin.37	3.03	0.0	Neural Network (Specific Model)	11	0.876	7179	268.6111111111111	214875	0.44	234	None
A07_CKDN240018934_scaffolds.fasta_bin.4	53.24	0.21	Gradient Boost (General Model)	11	0.954	3649	233.11953727506426	567960	0.34	778	None
A07_CKDN240018934_scaffolds.fasta_bin.51	95.25	0.4	Neural Network (Specific Model)	11	0.949	23252	293.5972114639814	1194601	0.35	1291	None
A07_CKDN240018934_scaffolds.fasta_bin.53	100.0	26.86	Gradient Boost (General Model)	11	0.831	4512	298.1815782922579	21550405	0.44	20085	None
A07_CKDN240018934_scaffolds.fasta_bin.54	97.92	0.0	Gradient Boost (General Model)	11	0.945	26433	289.1464354527938	1896075	0.51	2076	None
A07_CKDN240018934_scaffolds.fasta_bin.56	10.79	0.19	Neural Network (Specific Model)	11	0.949	2485	278.6497175141243	310696	0.57	354	None
A07_CKDN240018934_scaffolds.fasta_bin.6	95.68	0.55	Gradient Boost (General Model)	11	0.921	13138	296.96119402985073	2911291	0.61	3015	None
A07_CKDN240018934_scaffolds.fasta_bin.74	63.56	2.18	Neural Network (Specific Model)	11	0.92	3823	284.4815286624204	2178940	0.39	2355	None
A07_CKDN240018934_scaffolds.fasta_bin.75	99.99	87.06	Neural Network (Specific Model)	11	0.911	53532	302.4002900652647	5479447	0.51	5516	None
A07_CKDN240018934_scaffolds.fasta_bin.8	54.1	0.24	Gradient Boost (General Model)	11	0.927	3313	259.46189529489726	1263672	0.57	1509	None
A08_CKDN240018935_scaffolds.fasta_bin.15	33.51	0.68	Neural Network (Specific Model)	11	0.915	3577	263.82246376811594	714555	0.41	828	None
A08_CKDN240018935_scaffolds.fasta_bin.21	4.06	0.02	Neural Network (Specific Model)	11	0.818	29374	279.2605263157895	387865	0.6	380	None
A08_CKDN240018935_scaffolds.fasta_bin.23	98.13	0.25	Gradient Boost (General Model)	11	0.947	26565	302.30322882545624	2040743	0.66	2137	None
A08_CKDN240018935_scaffolds.fasta_bin.28	90.84	15.58	Gradient Boost (General Model)	11	0.844	3503	295.502804823006	16231130	0.44	15509	None
A08_CKDN240018935_scaffolds.fasta_bin.37	77.43	4.61	Neural Network (Specific Model)	11	0.909	5717	299.52326096588394	2229315	0.52	2257	None
A08_CKDN240018935_scaffolds.fasta_bin.44	21.96	0.35	Neural Network (Specific Model)	11	0.905	47493	321.9754098360656	649612	0.32	610	None
A08_CKDN240018935_scaffolds.fasta_bin.45	46.18	1.4	Gradient Boost (General Model)	11	0.969	3604	255.76601307189543	603322	0.37	765	None
A08_CKDN240018935_scaffolds.fasta_bin.49	69.32	1.52	Gradient Boost (General Model)	11	0.921	3623	283.35730724971233	1600607	0.4	1738	None
A08_CKDN240018935_scaffolds.fasta_bin.50	58.36	0.02	Neural Network (Specific Model)	11	0.936	38632	286.2009884678748	555064	0.29	607	None
A08_CKDN240018935_scaffolds.fasta_bin.63	9.35	0.11	Neural Network (Specific Model)	11	0.841	174670	241.76455026455025	324949	0.27	378	None
A08_CKDN240018935_scaffolds.fasta_bin.64	94.54	0.04	Neural Network (Specific Model)	11	0.955	35179	299.38028169014086	1197128	0.35	1278	None
A08_CKDN240018935_scaffolds.fasta_bin.65	14.56	0.0	Neural Network (Specific Model)	11	0.932	2601	263.86564299424185	441425	0.6	521	None
A08_CKDN240018935_scaffolds.fasta_bin.72	65.48	2.61	Neural Network (Specific Model)	11	0.939	18208	292.61319796954314	917681	0.55	985	None
A09_CKDN240018936_scaffolds.fasta_bin.10	8.36	0.0	Neural Network (Specific Model)	11	0.907	2560	266.1172069825436	352227	0.38	401	None
A09_CKDN240018936_scaffolds.fasta_bin.16	68.96	1.21	Neural Network (Specific Model)	11	0.933	11437	282.60357815442563	961731	0.55	1062	None
A09_CKDN240018936_scaffolds.fasta_bin.17	66.39	0.14	Gradient Boost (General Model)	11	0.914	4980	269.24525316455697	1670036	0.66	1896	None
A09_CKDN240018936_scaffolds.fasta_bin.18	68.04	5.18	Neural Network (Specific Model)	11	0.958	6455	270.74504249291783	894826	0.3	1059	None
A09_CKDN240018936_scaffolds.fasta_bin.22	66.73	1.04	Neural Network (Specific Model)	11	0.911	7965	266.50588235294117	1266186	0.48	1445	None
A09_CKDN240018936_scaffolds.fasta_bin.24	72.37	2.15	Gradient Boost (General Model)	11	0.886	4317	273.1633109619687	3302631	0.51	3576	None
A09_CKDN240018936_scaffolds.fasta_bin.26	28.54	0.16	Neural Network (Specific Model)	11	0.911	2759	250.74137931034483	956204	0.52	1160	None
A09_CKDN240018936_scaffolds.fasta_bin.28	83.02	9.76	Gradient Boost (General Model)	11	0.85	3051	292.2462383998558	11411282	0.44	11099	None
A09_CKDN240018936_scaffolds.fasta_bin.3	64.65	0.18	Gradient Boost (General Model)	11	0.929	3393	264.70425138632163	922384	0.41	1082	None
A09_CKDN240018936_scaffolds.fasta_bin.31	69.42	2.01	Neural Network (Specific Model)	11	0.91	5594	300.38412852969816	2030680	0.52	2054	None
A09_CKDN240018936_scaffolds.fasta_bin.34	93.42	0.6	Neural Network (Specific Model)	11	0.956	32091	299.792965627498	1172430	0.35	1251	None
A09_CKDN240018936_scaffolds.fasta_bin.46	75.34	3.97	Gradient Boost (General Model)	11	0.96	7677	281.0618320610687	1146509	0.37	1310	None
A09_CKDN240018936_scaffolds.fasta_bin.47	13.1	0.01	Neural Network (Specific Model)	11	0.928	2794	273.1612284069098	459233	0.48	521	None
A09_CKDN240018936_scaffolds.fasta_bin.49	15.2	1.8	Neural Network (Specific Model)	11	0.927	2515	251.19188191881918	439833	0.35	542	None
A09_CKDN240018936_scaffolds.fasta_bin.51	67.34	12.43	Gradient Boost (General Model)	11	0.93	4137	296.6583217431618	2058873	0.6	2157	None
A09_CKDN240018936_scaffolds.fasta_bin.9	21.44	0.2	Neural Network (Specific Model)	11	0.918	17841	305.0869565217391	617437	0.32	621	None
A10_CKDN240018937_scaffolds.fasta_bin.13	60.79	0.02	Gradient Boost (General Model)	11	0.96	3936	253.6109134045077	665589	0.34	843	None
A10_CKDN240018937_scaffolds.fasta_bin.22	66.32	1.09	Neural Network (Specific Model)	11	0.903	4765	270.2202985074627	1501207	0.51	1675	None
A10_CKDN240018937_scaffolds.fasta_bin.30	96.14	2.51	Gradient Boost (General Model)	11	0.954	8728	316.7708082026538	1647313	0.45	1658	None
A10_CKDN240018937_scaffolds.fasta_bin.31	5.71	0.0	Neural Network (Specific Model)	11	0.881	60443	302.9463414634146	211362	0.48	205	None
A10_CKDN240018937_scaffolds.fasta_bin.34	13.9	0.0	Neural Network (Specific Model)	11	0.911	2512	255.64489112227807	501211	0.59	597	None
A10_CKDN240018937_scaffolds.fasta_bin.39	4.62	0.0	Neural Network (Specific Model)	11	0.629	3633	241.55555555555554	289289	0.37	252	None
A10_CKDN240018937_scaffolds.fasta_bin.42	69.47	6.94	Neural Network (Specific Model)	11	0.958	5535	253.580223880597	849068	0.31	1072	None
A10_CKDN240018937_scaffolds.fasta_bin.48	43.68	0.43	Neural Network (Specific Model)	11	0.914	3493	275.9778523489933	1346671	0.52	1490	None
A11_CKDN240018938_scaffolds.fasta_bin.11	47.31	1.3	Neural Network (Specific Model)	11	0.965	3713	251.84642857142856	655517	0.29	840	None
A11_CKDN240018938_scaffolds.fasta_bin.18	15.55	0.14	Neural Network (Specific Model)	11	0.927	2591	253.4625550660793	557580	0.61	681	None
A11_CKDN240018938_scaffolds.fasta_bin.21	95.57	8.44	Gradient Boost (General Model)	11	0.897	15072	274.5985373364126	2380758	0.51	2598	None
A11_CKDN240018938_scaffolds.fasta_bin.22	82.6	0.1	Neural Network (Specific Model)	11	0.907	12881	262.84498207885304	967510	0.37	1116	None
A11_CKDN240018938_scaffolds.fasta_bin.27	95.81	44.67	Neural Network (Specific Model)	11	0.923	7641	276.1056338028169	4576838	0.51	5112	None
A11_CKDN240018938_scaffolds.fasta_bin.3	10.23	0.0	Neural Network (Specific Model)	11	0.944	2549	248.82094594594594	233441	0.37	296	None
A11_CKDN240018938_scaffolds.fasta_bin.30	94.49	0.2	Gradient Boost (General Model)	11	0.953	9249	287.88274867851993	1881645	0.67	2081	None
A11_CKDN240018938_scaffolds.fasta_bin.31	9.57	0.25	Neural Network (Specific Model)	11	0.903	4670	220.00747384155457	485978	0.42	669	None
A11_CKDN240018938_scaffolds.fasta_bin.34	70.74	2.35	Gradient Boost (General Model)	11	0.959	4548	268.86413502109707	993251	0.37	1185	None
A11_CKDN240018938_scaffolds.fasta_bin.37	76.75	3.44	Gradient Boost (General Model)	11	0.957	5485	263.32189707366297	815387	0.3	991	None
A11_CKDN240018938_scaffolds.fasta_bin.38	61.3	0.33	Gradient Boost (General Model)	11	0.948	3589	285.38634658664665	1200288	0.4	1333	None
A11_CKDN240018938_scaffolds.fasta_bin.39	28.03	0.17	Neural Network (Specific Model)	11	0.955	2960	280.01485148514854	709172	0.52	808	None
A11_CKDN240018938_scaffolds.fasta_bin.44	8.98	0.0	Neural Network (Specific Model)	11	0.918	2427	247.85915492957747	286946	0.39	355	None
A11_CKDN240018938_scaffolds.fasta_bin.5	9.61	0.13	Neural Network (Specific Model)	11	0.909	8826	237.03384615384616	253458	0.3	325	None
A11_CKDN240018938_scaffolds.fasta_bin.8	64.14	2.23	Neural Network (Specific Model)	11	0.956	4830	265.8158139534884	894300	0.29	1075	None
A11_CKDN240018938_scaffolds.fasta_bin.9	80.64	0.69	Neural Network (Specific Model)	11	0.939	9210	324.19174041297936	1752599	0.43	1695	None
A12_CKDN240018939_scaffolds.fasta_bin.10	43.04	1.4	Gradient Boost (General Model)	11	0.954	3069	286.8109756097561	1180748	0.53	1312	None
A12_CKDN240018939_scaffolds.fasta_bin.13	77.69	0.13	Gradient Boost (General Model)	11	0.958	7629	283.4122871946706	1194687	0.37	1351	None
A12_CKDN240018939_scaffolds.fasta_bin.15	47.56	2.86	Neural Network (Specific Model)	11	0.959	4488	263.3340732519423	740384	0.29	901	None
A12_CKDN240018939_scaffolds.fasta_bin.25	79.96	0.57	Neural Network (Specific Model)	11	0.925	13305	330.38461538461536	1794491	0.43	1677	None
A12_CKDN240018939_scaffolds.fasta_bin.35	36.56	0.14	Neural Network (Specific Model)	11	0.931	3037	264.56410256410254	1194167	0.35	1404	None
A12_CKDN240018939_scaffolds.fasta_bin.39	83.19	0.0	Neural Network (Specific Model)	11	0.91	14281	267.4977497749775	976646	0.37	1111	None
A12_CKDN240018939_scaffolds.fasta_bin.42	36.39	0.66	Neural Network (Specific Model)	11	0.952	3364	236.62276785714286	665031	0.36	896	None
A12_CKDN240018939_scaffolds.fasta_bin.47	43.31	3.25	Gradient Boost (General Model)	11	0.941	3086	250.0621521335807	857998	0.33	1078	None
A12_CKDN240018939_scaffolds.fasta_bin.5	7.13	0.1	Neural Network (Specific Model)	11	0.878	3482	357.77542372881356	574104	0.58	472	None
A12_CKDN240018939_scaffolds.fasta_bin.53	99.93	0.55	Neural Network (Specific Model)	11	0.925	39791	321.8442088091354	2555449	0.29	2452	None
A12_CKDN240018939_scaffolds.fasta_bin.54	89.44	0.3	Neural Network (Specific Model)	11	0.942	14799	322.78162729658794	1953520	0.38	1905	None
A12_CKDN240018939_scaffolds.fasta_bin.55	99.96	0.11	Neural Network (Specific Model)	11	0.917	51587	313.1787365177196	2652841	0.55	2596	None
A12_CKDN240018939_scaffolds.fasta_bin.61	88.88	0.08	Neural Network (Specific Model)	11	0.94	40324	335.0823880597015	1787259	0.45	1675	None
A13_CKDN240018940_scaffolds.fasta_bin.10	45.73	0.72	Neural Network (Specific Model)	11	0.909	3170	258.64022268615173	1224183	0.52	1437	None
A13_CKDN240018940_scaffolds.fasta_bin.13	68.95	4.06	Gradient Boost (General Model)	11	0.945	3313	258.4306930693069	1486672	0.4	1818	None
A13_CKDN240018940_scaffolds.fasta_bin.16	67.29	1.05	Neural Network (Specific Model)	11	0.912	3978	263.19535073409463	2117915	0.5	2452	None
A13_CKDN240018940_scaffolds.fasta_bin.19	91.25	1.64	Gradient Boost (General Model)	11	0.954	52875	287.04867634500425	1053546	0.34	1171	None
A13_CKDN240018940_scaffolds.fasta_bin.22	87.04	0.39	Neural Network (Specific Model)	11	0.892	9362	286.30294259527255	1992156	0.51	2073	None
A13_CKDN240018940_scaffolds.fasta_bin.24	83.01	5.52	Gradient Boost (General Model)	11	0.946	8937	274.07768924302786	1304874	0.34	1506	None
A13_CKDN240018940_scaffolds.fasta_bin.29	73.51	0.61	Gradient Boost (General Model)	11	0.929	10955	302.2923462986198	1552630	0.49	1594	None
A13_CKDN240018940_scaffolds.fasta_bin.30	79.01	0.31	Neural Network (Specific Model)	11	0.928	12203	329.97064110245657	1777141	0.43	1669	None
A13_CKDN240018940_scaffolds.fasta_bin.32	70.67	2.76	Neural Network (Specific Model)	11	0.961	11622	278.73353293413174	868636	0.29	1002	None
A13_CKDN240018940_scaffolds.fasta_bin.37	64.75	2.61	Gradient Boost (General Model)	11	0.912	5081	293.7091165413534	2052896	0.52	2128	None
A13_CKDN240018940_scaffolds.fasta_bin.40	15.31	0.01	Neural Network (Specific Model)	11	0.92	2727	223.19148936170214	374635	0.65	517	None
A13_CKDN240018940_scaffolds.fasta_bin.47	16.41	0.08	Neural Network (Specific Model)	11	0.928	2759	248.12071778140293	490300	0.57	613	None
A13_CKDN240018940_scaffolds.fasta_bin.49	8.77	0.0	Neural Network (Specific Model)	11	0.954	2528	287.9251700680272	265643	0.57	294	None
A13_CKDN240018940_scaffolds.fasta_bin.51	99.72	0.0	Neural Network (Specific Model)	11	0.92	54927	316.6692152917505	2561108	0.55	2485	None
A13_CKDN240018940_scaffolds.fasta_bin.52	91.77	0.87	Neural Network (Specific Model)	11	0.938	34454	332.0837666088966	1833520	0.45	1731	None
A13_CKDN240018940_scaffolds.fasta_bin.59	53.19	4.47	Neural Network (Specific Model)	11	0.958	6986	266.3628048780488	818096	0.29	984	None
A13_CKDN240018940_scaffolds.fasta_bin.61	38.25	18.27	Gradient Boost (General Model)	11	0.929	3558	205.8552758024217	3434702	0.4	5203	None
A13_CKDN240018940_scaffolds.fasta_bin.67	60.26	5.42	Gradient Boost (General Model)	11	0.942	3575	256.24208566108007	1312392	0.32	1611	None
A13_CKDN240018940_scaffolds.fasta_bin.69	7.5	0.01	Neural Network (Specific Model)	11	0.899	6534	261.99212598425197	331776	0.52	381	None
A13_CKDN240018940_scaffolds.fasta_bin.8	60.82	1.26	Gradient Boost (General Model)	11	0.922	3810	262.2343850611719	1321333	0.66	1553	None
A14_CKDN240018941_scaffolds.fasta_bin.10	24.72	2.49	Neural Network (Specific Model)	11	0.938	4144	222.69867549668874	855360	0.38	1208	None
A14_CKDN240018941_scaffolds.fasta_bin.14	16.96	0.15	Neural Network (Specific Model)	11	0.907	3218	268.6823529411765	753729	0.46	850	None
A14_CKDN240018941_scaffolds.fasta_bin.16	37.64	0.13	Neural Network (Specific Model)	11	0.909	3252	258.1804586241276	853006	0.51	1003	None
A14_CKDN240018941_scaffolds.fasta_bin.19	90.3	1.13	Gradient Boost (General Model)	11	0.957	12712	273.2109851787271	978472	0.34	1147	None
A14_CKDN240018941_scaffolds.fasta_bin.26	8.54	0.02	Neural Network (Specific Model)	11	0.849	3955	217.75208913649024	551034	0.42	718	None
A14_CKDN240018941_scaffolds.fasta_bin.3	35.4	1.47	Neural Network (Specific Model)	11	0.959	2977	248.5	571573	0.33	738	None
A14_CKDN240018941_scaffolds.fasta_bin.37	21.52	0.1	Neural Network (Specific Model)	11	0.933	3236	270.22	737245	0.44	850	None
A14_CKDN240018941_scaffolds.fasta_bin.44	7.96	0.03	Neural Network (Specific Model)	11	0.952	32134	246.42361111111111	222596	0.3	288	None
A14_CKDN240018941_scaffolds.fasta_bin.45	65.84	12.14	Gradient Boost (General Model)	11	0.924	3488	255.80654545454544	2276921	0.51	2750	None
A14_CKDN240018941_scaffolds.fasta_bin.47	75.86	1.85	Gradient Boost (General Model)	11	0.953	4697	262.79429735234214	809636	0.55	982	None
A14_CKDN240018941_scaffolds.fasta_bin.58	22.85	0.2	Neural Network (Specific Model)	11	0.906	2793	262.64867617107944	852911	0.38	982	None
A14_CKDN240018941_scaffolds.fasta_bin.9	84.74	0.02	Neural Network (Specific Model)	11	0.933	8664	262.58362068965516	976236	0.37	1160	None
A15_CKDN240018942_scaffolds.fasta_bin.11	15.58	0.09	Neural Network (Specific Model)	11	0.953	436440	371.03197158081707	656402	0.47	563	None
A15_CKDN240018942_scaffolds.fasta_bin.12	27.49	1.64	Neural Network (Specific Model)	11	0.895	3673	263.8264984227129	1678650	0.58	1902	None
A15_CKDN240018942_scaffolds.fasta_bin.14	24.19	0.53	Neural Network (Specific Model)	11	0.917	2692	272.0474703310431	1423196	0.65	1601	None
A15_CKDN240018942_scaffolds.fasta_bin.18	9.73	0.0	Neural Network (Specific Model)	11	0.922	3700	276.8473895582329	446620	0.43	498	None
A15_CKDN240018942_scaffolds.fasta_bin.22	100.0	65.43	Neural Network (Specific Model)	11	0.925	22626	302.0714415231188	5392827	0.65	5515	None
A15_CKDN240018942_scaffolds.fasta_bin.23	26.27	0.0	Neural Network (Specific Model)	11	0.899	9840	337.96510228640193	936278	0.5	831	None
A15_CKDN240018942_scaffolds.fasta_bin.24	98.61	0.82	Gradient Boost (General Model)	11	0.904	82816	317.23791385877524	3588754	0.58	3413	None
A15_CKDN240018942_scaffolds.fasta_bin.25	56.94	1.81	Gradient Boost (General Model)	11	0.922	3699	265.0078415187784	2084772	0.43	2423	None
A15_CKDN240018942_scaffolds.fasta_bin.35	62.36	0.48	Gradient Boost (General Model)	11	0.928	4020	298.0289855072464	3316375	0.62	3450	None
A15_CKDN240018942_scaffolds.fasta_bin.4	82.81	0.38	Gradient Boost (General Model)	11	0.917	7423	300.90202231520226	2816579	0.61	2868	None
A15_CKDN240018942_scaffolds.fasta_bin.43	49.61	2.48	Gradient Boost (General Model)	11	0.927	3281	255.20614640883977	2384254	0.7	2896	None
A15_CKDN240018942_scaffolds.fasta_bin.51	100.0	0.27	Gradient Boost (General Model)	11	0.895	75978	318.2990732940185	3791621	0.6	3561	None
A15_CKDN240018942_scaffolds.fasta_bin.63	7.85	0.01	Neural Network (Specific Model)	11	0.918	2368	266.16931216931215	492215	0.63	567	None
A15_CKDN240018942_scaffolds.fasta_bin.64	33.15	0.13	Neural Network (Specific Model)	11	0.939	4420	275.17110266159693	692593	0.65	789	None
A15_CKDN240018942_scaffolds.fasta_bin.66	63.98	8.94	Gradient Boost (General Model)	11	0.905	3618	280.730023989666	5032555	0.39	5419	None
A15_CKDN240018942_scaffolds.fasta_bin.82	79.53	1.05	Gradient Boost (General Model)	11	0.873	22855	310.6872852233677	3100593	0.62	2910	None
A15_CKDN240018942_scaffolds.fasta_bin.88	96.37	0.4	Neural Network (Specific Model)	11	0.861	34626	383.69402850442	7397440	0.57	5543	None
A01_CKDN240018928_scaffolds.fasta_bin.45	90.95	25.94	Gradient Boost (General Model)	11	0.927	3834	259.3551474392137	3235875	0.51	3866	None
A02_CKDN240018929_scaffolds.fasta_bin.10	100.0	27.17	Gradient Boost (General Model)	11	0.832	4287	297.84573086910035	21037117	0.44	19641	None
A02_CKDN240018929_scaffolds.fasta_bin.23	88.71	4.69	Neural Network (Specific Model)	11	0.925	26108	319.24771371769384	2599808	0.52	2515	None
A02_CKDN240018929_scaffolds.fasta_bin.6	16.9	0.05	Neural Network (Specific Model)	11	0.958	2701	270.80898876404495	451809	0.56	534	None
A03_CKDN240018930_scaffolds.fasta_bin.7	100.0	72.64	Gradient Boost (General Model)	11	0.86	36347	386.28747846065477	14048997	0.57	10446	None
A03_CKDN240018930_scaffolds.fasta_bin.84	100.0	58.66	Gradient Boost (General Model)	11	0.771	11905	274.69520832509	26915165	0.39	25273	None
A04_CKDN240018931_scaffolds.fasta_bin.43	100.0	66.91	Gradient Boost (General Model)	11	0.858	37976	382.89600076540376	13961628	0.57	10452	None
A04_CKDN240018931_scaffolds.fasta_bin.61	95.42	0.28	Neural Network (Specific Model)	11	0.917	48331	313.91515151515154	3045085	0.61	2970	None
A05_CKDN240018932_scaffolds.fasta_bin.16	100.0	68.66	Gradient Boost (General Model)	11	0.83	48329	436.9585699432136	19738082	0.67	12503	None
A05_CKDN240018932_scaffolds.fasta_bin.34	100.0	96.3	Neural Network (Specific Model)	11	0.918	53816	303.41879122838293	5549809	0.51	5609	None
A08_CKDN240018935_scaffolds.fasta_bin.19	79.75	2.01	Gradient Boost (General Model)	11	0.957	8471	285.30724213606436	1219509	0.37	1367	None
A08_CKDN240018935_scaffolds.fasta_bin.39	80.67	21.81	Gradient Boost (General Model)	11	0.93	4653	306.421686746988	2536676	0.6	2573	None
A09_CKDN240018936_scaffolds.fasta_bin.33	84.17	19.05	Gradient Boost (General Model)	4	0.845	6836	240.5298117789921	27867219	0.45	32940	None
A09_CKDN240018936_scaffolds.fasta_bin.8	83.46	17.85	Neural Network (Specific Model)	11	0.96	9566	264.57966101694916	1215445	0.31	1475	None
A11_CKDN240018938_scaffolds.fasta_bin.23	73.34	2.72	Gradient Boost (General Model)	11	0.929	3760	285.98494525547443	2019718	0.41	2192	None
A12_CKDN240018939_scaffolds.fasta_bin.17	94.7	0.64	Gradient Boost (General Model)	11	0.952	13292	290.66619784341304	1949165	0.66	2133	None
